id,route_id_site_id,ce_length_mtr,ri_cost_per_meter,material_cost_per_meter,build_cost_per_meter,total_ri_amount,material_cost,execution_cost_including_hh,total_cost_without_deposit,route_type,build_type,category_type
39360,MUM_Route_10,10274.0,124.69,187.2,450.0,1281065.06,1923292.8,4623300.0,7827657.859999999,DC Route,,
39361,MUM_Route_101,711.7,3368.995363214838,205.5100463678516,741.7310664605875,2397714.0,146261.5,527890.0000000001,3071865.5,Additional Route,,
39362,MUM_Route_102,421.3,1500.0,145.0,700.0,631950.0,61088.5,294910.0,987948.5,Additional Route,,
39363,MUM_Route_105,990.0,8964.444444444445,386.6666666666667,866.6666666666666,8874800.0,382800.0,858000.0,10115600.0,Additional Route,,
39364,MUM_Route_106,1942.6,7099.601359003399,326.2910532276331,825.0283125707815,13791685.6,633853.0,1602700.0,16028238.6,Additional Route,,
39365,MUM_Route_107,2420.0,7816.635454545453,462.7477272727273,919.1363636363636,18916257.8,1119849.5,2224310.0,22260417.3,Additional Route,,
39366,MUM_Route_108,2787.4,8416.80820836622,383.9581689029202,864.7987371744277,23461011.2,1070245.0,2410540.0,26941796.2,Additional Route,,
39367,MUM_Route_109,4015.0,15009.10136986301,623.3972602739726,1000.0,60261542.0,2502940.0,4015000.0,66779482.0,DC Route,,
39368,MUM_Route_11,1812.8,10046.2354368932,177.8791262135923,505.2184466019418,18211815.6,322459.28,915860.0,19450134.88,Additional Route,,
39369,MUM_Route_110,6215.0,15875.33185840708,580.0,1000.0,98665187.5,3604700.0,6215000.0,108484887.5,Additional Route,,
39370,MUM_Route_111,841.5,17151.1294117647,580.0,1000.0,14432675.4,488070.0,841500.0,15762245.4,Additional Route,,
39371,MUM_Route_112,1018.6,22885.75377969762,580.0,1000.0,23311428.8,590788.0,1018600.0,24920816.8,Additional Route,,
39372,MUM_Route_113,1886.5,41231.78921282799,580.0000000000001,1000.0,77783770.35,1094170.0,1886500.0,80764440.35,Additional Route,,
39373,MUM_Route_114,3715.8,18679.89046773239,580.0,1000.0,69410737.0,2155164.0,3715800.0,75281701.0,Additional Route,,
39374,MUM_Route_115,4551.8,17458.74311261479,580.0,1000.0,79468706.9,2640044.0,4551800.0,86660550.9,Additional Route,,
39375,MUM_Route_116,935.0,8518.0,580.0,1000.0,7964330.0,542300.0,935000.0,9441630.0,Additional Route,,
39376,MUM_Route_117,1756.7,32091.0,580.0,1000.0,56374259.7,1018886.0,1756700.0,59149845.7,Additional Route,,
39377,MUM_Route_118,646.8,,580.0,2500.0,,375144.0,1617000.0,1992144.0,Additional Route,,
39378,MUM_Route_121,2083.4,9974.656810982047,580.0,1000.0,20781200.0,1208372.0,2083400.0,24072972.0,Additional Route,,
39379,MUM_Route_122,2667.5,9666.185567010309,580.0,1000.0,25784550.0,1547150.0,2667500.0,29999200.0,Additional Route,,
39380,MUM_Route_123,2218.7,9500.0,580.0,1000.0,21077650.0,1286846.0,2218700.0,24583196.0,Additional Route,,
39381,MUM_Route_124,1366.2,9500.0,580.0,1000.0,12978900.0,792396.0,1366200.0,15137496.0,Additional Route,,
39382,MUM_Route_126,318.93422,,580.0000000000001,2500.0,,184981.8476,797335.5499999999,982317.3975999999,Additional Route,,
39383,MUM_Route_13,3027.2,12015.79324127907,652.0000000000001,1000.0,36374209.3,1973734.4,3027200.0,41375143.7,DC Route,,
39384,MUM_Route_134,1371.7,21196.04410585405,454.4186046511628,913.3921411387329,29074613.7,623326.0,1252900.0,30950839.7,Additional Route,,
39385,MUM_Route_135,440.0,,580.0,2500.0,,255200.0,1100000.0,1355200.0,Additional Route,,
39386,MUM_Route_136,143.0,,580.0,2500.0,,82940.0,357500.0,440440.0,Additional Route,,
39387,MUM_Route_141,2282.0,24648.64680105171,580.0,1000.0,56248212.0,1323560.0,2282000.0,59853772.0,Additional Route,,
39388,MUM_Route_142,2762.1,14936.0,580.0,1000.0,41254725.6,1602018.0,2762100.0,45618843.6,Additional Route,,
39389,MUM_Route_145,198.0,3500.0,580.0,1000.0,693000.0,114840.0,198000.0,1005840.0,DC Route,,
39390,MUM_Route_146,495.0,3500.0,580.0,1000.0,1732500.0,287100.0,495000.0,2514600.0,DC Route,,
39391,MUM_Route_148,200.0,11700.0,580.0,1000.0,2340000.0,116000.0,200000.0,2656000.0,DC Route,,
39392,MUM_Route_149,288.2,11700.0,580.0,1000.0,3371940.0,167156.0,288200.0,3827296.0,DC Route,,
39393,MUM_Route_150,204.6,1238.709677419355,580.0,2306.451612903226,253440.0,118668.0,471900.0,844008.0,Additional Route,,
39394,MUM_Route_151,220.0,1200.0,580.0,2312.5,264000.0,127600.0,508750.0,900350.0,Additional Route,,
39395,MUM_Route_152,495.0,11700.0,580.0,1000.0,5791500.0,287100.0,495000.0,6573600.0,DC Route,,
39396,MUM_Route_153,517.0,11700.0,580.0,1000.0,6048900.0,299860.0,517000.0,6865760.0,DC Route,,
39397,MUM_Route_155,597.3,9600.0,580.0,1000.0,5734080.0,346434.0,597300.0,6677814.0,Additional Route,,
39398,MUM_Route_156,304.28838,,580.0,2500.0,,176487.2604,760720.9500000001,937208.2104000001,Additional Route,,
39399,MUM_Route_157,1925.0,12158.85714285714,580.0,1000.0,23405800.0,1116500.0,1925000.0,26447300.0,Additional Route,,
39400,MUM_Route_158,220.0,,580.0,2500.0,,127600.0,550000.0,677600.0,DC Route,,
39401,MUM_Route_159,385.0,,580.0,2500.0,,223300.0,962500.0,1185800.0,DC Route,,
39402,MUM_Route_16,1833.7,11010.28914217156,652.0000000000001,1000.0,20189567.2,1195572.4,1833700.0,23218839.6,DC Route,,
39403,MUM_Route_160,1430.0,2995.384615384615,580.0,1000.0,4283400.0,829400.0,1430000.0,6542800.0,Additional Route,,
39404,MUM_Route_161,302.5,4445.454545454545,580.0,1000.0,1344750.0,175450.0,302500.0,1822700.0,Additional Route,,
39405,MUM_Route_162,176.0,1500.0,580.0,1000.0,264000.0,102080.0,176000.0,542080.0,Additional Route,,
39406,MUM_Route_163,555.5,,580.0,2500.0,,322190.0,1388750.0,1710940.0,DC Route,,
39407,MUM_Route_164,110.0,,580.0,2500.0,,63800.0,275000.0,338800.0,DC Route,,
39408,MUM_Route_165,121.0,,580.0,2500.0,,70180.0,302500.0,372680.0,DC Route,,
39409,MUM_Route_166,1684.1,4573.873285434357,580.0,1000.0,7702860.0,976778.0,1684100.0,10363738.0,DC Route,,
39410,MUM_Route_167,110.0,9600.0,580.0,1000.0,1056000.0,63800.0,110000.0,1229800.0,DC Route,,
39411,MUM_Route_168,110.0,9600.0,580.0,1000.0,1056000.0,63800.0,110000.0,1229800.0,DC Route,,
39412,MUM_Route_169,561.0,,,,,,,,Additional Route,,
39413,MUM_Route_170,1100.0,,,,,,,,Additional Route,,
39414,MUM_Route_171,110.0,,580.0,2500.0,,63800.0,275000.0,338800.0,Additional Route,,
39415,MUM_Route_172,110.0,,580.0,2500.0,,63800.0,275000.0,338800.0,Additional Route,,
39416,MUM_Route_19,5924.6,13958.42666171556,652.0,2106.201262532491,82698094.6,3862839.2,12478400.0,99039333.8,DC Route,,
39417,MUM_Route_23,22090.2,15419.95294293397,573.2181057663579,1609.799820734986,340629844.5,12662502.6,35560800.0,388853147.1,DC Route,,
39418,MUM_Route_24,958.1,,580.0,2500.0,,555698.0,2395250.0,2950948.0,DC Route,,
39419,MUM_Route_25,9537.0,16310.79238754325,652.0,1000.0,155556027.0,6218124.0,9537000.0,171311151.0,DC Route,,
39420,MUM_Route_27,10192.6,23575.77379667602,652.0000000000001,1000.0,240298432.0,6645575.200000001,10192600.0,257136607.2,DC Route,,
39421,MUM_Route_30,1145.1,13881.91642651297,651.9999999999999,999.9999999999999,15896182.5,746605.2,1145100.0,17787887.7,DC Route,,
39422,MB1134,,,,,,,,,"LMC routes (stand alone) ",,
39423,MUM_Route_33,4229.5,31122.8088426528,652.0,1000.0,131633920.0,2757634.0,4229500.000000001,138621054.0,DC Route,,
39424,MUM_Route_35,356.4,13439.0,652.0,1000.0,4789659.600000001,232372.8,356400.0000000001,5378432.4,DC Route,,
39425,MUM_Route_36,6032.4,15904.25419401897,652.0,1000.0,95940823.00000001,3933124.8,6032400.0,105906347.8,DC Route,,
39426,MUM_Route_37,2491.5,23210.79028697571,652.0000000000001,1000.0,57829684.0,1624458.0,2491500.0,61945642.0,DC Route,,
39427,MUM_Route_38,3082.2,12598.64002984881,511.950392576731,1034.832262669522,38831528.3,1577933.5,3189560.0,43599021.8,DC Route,,
39428,MUM_Route_4,6820.000000000001,219.941348973607,325.9999999999999,1200.0,1500000.0,2223320.0,8184000.000000001,11907320.0,DC Route,,
39429,MUM_Route_42,7766.0,14844.13597733711,652.0,1000.0,115279560.0,5063432.0,7766000.0,128108992.0,DC Route,,
39430,MUM_Route_45,18362.3,6422.126040855449,501.6861558737195,1000.0,117925005.0,9212111.7,18362300.0,145499416.7,DC Route,,
39431,MUM_Route_46,482.9,1500.0,580.0,1943.052391799544,724350.0,280082.0,938300.0,1942732.0,DC Route,,
39432,MUM_Route_48,3238.4,3000.0,651.9999999999999,884.1999999999999,9715200.0,2111436.8,2863393.28,14690030.08,DC Route,,
39433,MUM_Route_49,4867.5,6951.694915254237,622.7118644067797,875.7062146892655,33837375.0,3031050.0,4262500.0,41130925.0,DC Route,,
39434,MUM_Route_50,6033.500000000001,16902.16955332726,651.9999999999999,929.0793072014585,101979240.0,3933842.0,5605600.000000001,111518682.0,DC Route,,
39435,MUM_Route_54,5060.0,249.38,187.2,450.0,1261862.8,947232.0,2277000.0,4486094.8,DC Route,,
39436,MUM_Route_55,14006.3,4364.57692452682,187.2,450.0,61131573.778,2621979.36,6302835.0,70056388.138,DC Route,,
39437,MUM_Route_57,4858.700000000001,7750.962191532713,652.0,980.1901743264658,37659600.0,3167872.4,4762450.0,45589922.4,DC Route,,
39438,MUM_Route_58,4785.0,6075.862068965518,652.0,839.080459770115,29073000.0,3119820.0,4015000.0,36207820.0,DC Route,,
39439,MUM_Route_62,311.3,13439.0,652.0,1000.0,4183560.7,202967.6,311300.0,4697828.3,DC Route,,
39440,MUM_Route_64,2032.8,14263.56222943723,580.0,1000.0,28994969.3,1179024.0,2032800.0,32206793.3,Additional Route,,
39441,MUM_Route_68,3949.0,1650.41782729805,580.0,2569.359331476323,6517500.0,2290420.0,10146400.0,18954320.0,Additional Route,,
39442,MUM_Route_74,265.1,9600.0,580.0,999.9999999999999,2544960.0,153758.0,265100.0,2963818.0,Additional Route,,
39443,MUM_Route_75,563.2,,580.0,2500.0,,326656.0,1408000.0,1734656.0,Additional Route,,
39444,MUM_Route_76,459.8,,580.0,2500.0,,266684.0,1149500.0,1416184.0,Additional Route,,
39445,MUM_Route_77,532.4,,580.0,2500.0,,308792.0,1331000.0,1639792.0,Additional Route,,
39446,MUM_Route_8,14195.5,5570.903781480048,187.2,450.0,79081764.63000001,2657397.6,6387975.0,88127137.22999999,DC Route,,
39447,MUM_Route_80,5067.7,3931.063401543106,447.5689168656393,1125.417842413718,19921450.0,2268145.0,5703280.0,27892875.0,DC Route,,
39448,MUM_Route_81,11938.3,3472.34865935686,652.0,787.2016953837649,41453940.0,7783771.6,9397850.0,58635561.6,DC Route,,
39449,MUM_Route_89,4892.8,13494.84375,652.0,1000.0,66027571.5,3190105.6,4892800.0,74110477.1,DC Route,,
39450,MUM_Route_90,20170.7,8280.427332715275,652.0,998.5821017614659,167022015.6,13151296.4,20142100.0,200315412.0,DC Route,,
39451,MUM_Route_97,15050.2,8024.14759936745,376.1795059201871,1363.265604443795,120765026.2,5661576.8,20517420.0,146944023.0,DC Route,,
39452,MUM_Route_99,1970.1,1500.0,145.0,700.0,2955150.0,285664.5,1379070.0,4619884.5,Additional Route,,
39453,Mumbai_Coverage_Route1,1208.9,3099.636032757051,492.9208371246588,939.9454049135577,3747150.0,595892.0,1136300.0,5479342.0,Additional Route,,
39454,Mumbai_Coverage_Route10,1427.8,11700.0,580.0,1000.0,16705260.0,828124.0,1427800.0,18961184.0,Additional Route,,
39455,Mumbai_Coverage_Route11,1980.0,32091.0,580.0,1000.0,63540180.0,1148400.0,1980000.0,66668580.0,Additional Route,,
39456,Mumbai_Coverage_Route12,4400.0,11600.0,580.0,1000.0,51040000.0,2552000.0,4400000.0,57992000.0,Additional Route,,
39457,Mumbai_Coverage_Route13,3029.4,11600.0,580.0,1000.0,35141040.0,1757052.0,3029400.0,39927492.0,Additional Route,,
39458,Mumbai_Coverage_Route15,1575.2,6488.966480446928,580.0,1000.0,10221420.0,913616.0,1575200.0,12710236.0,Additional Route,,
39459,Mumbai_Coverage_Route17,1320.0,17652.20833333333,580.0,1000.0,23300915.0,765600.0,1320000.0,25386515.0,Additional Route,,
39460,Mumbai_Coverage_Route2,907.5,3500.0,580.0,1000.0,3176250.0,526350.0,907500.0,4610100.0,Additional Route,,
39461,Mumbai_Coverage_Route21,2937.0,11600.0,580.0,1000.0,34069200.0,1703460.0,2937000.0,38709660.0,Additional Route,,
39462,Mumbai_Coverage_Route23,1755.6,11600.0,580.0,1000.0,20364960.0,1018248.0,1755600.0,23138808.0,Additional Route,,
39463,Mumbai_Coverage_Route25,1650.0,14936.0,580.0,1000.0,24644400.0,957000.0,1650000.0,27251400.0,Additional Route,,
39464,Mumbai_Coverage_Route28,1862.3,19769.39338452451,580.0,1000.0,36816541.3,1080134.0,1862300.0,39758975.3,Additional Route,,
39465,Mumbai_Coverage_Route29,2060.3,18716.14148424986,580.0,999.9999999999999,38560866.3,1194974.0,2060300.0,41816140.3,Additional Route,,
39466,Mumbai_Coverage_Route3,2200.0,24800.125,580.0,1000.0,54560275.0,1276000.0,2200000.0,58036275.0,Additional Route,,
39467,Mumbai_Coverage_Route30,2053.7,18106.04552758436,580.0,1000.0,37184385.7,1191146.0,2053700.0,40429231.70000001,Additional Route,,
39468,Mumbai_Coverage_Route31,1776.5,11600.0,580.0,1000.0,20607400.0,1030370.0,1776500.0,23414270.0,Additional Route,,
39469,Mumbai_Coverage_Route32,6745.200000000001,11600.0,579.9999999999999,999.9999999999999,78244320.0,3912216.0,6745200.0,88901736.0,Additional Route,,
39470,Mumbai_Coverage_Route33,4856.5,11736.35334088335,580.0,1000.0,56997600.0,2816770.0,4856500.0,64670870.0,Additional Route,,
39471,Mumbai_Coverage_Route34,1595.0,3500.0,580.0,1000.0,5582500.0,925100.0,1595000.0,8102600.0,Additional Route,,
39472,Mumbai_Coverage_Route35,4070.0,11640.27027027027,580.0,1000.0,47375900.0,2360600.0,4070000.0,53806500.0,Additional Route,,
39473,Mumbai_Coverage_Route36,869.0,14936.0,580.0,1000.0,12979384.0,504020.0,869000.0,14352404.0,Additional Route,,
39474,Mumbai_Coverage_Route37,2029.5,13625.11761517615,438.5365853658537,902.439024390244,27652176.2,890010.0,1831500.0,30373686.2,Additional Route,,
39475,Mumbai_Coverage_Route38,2057.0,25176.97860962567,580.0,1000.0,51789045.0,1193060.0,2057000.0,55039105.0,Additional Route,,
39476,Mumbai_Coverage_Route39,2311.1,11600.0,580.0,1000.0,26808760.0,1340438.0,2311100.0,30460298.0,Additional Route,,
39477,Mumbai_Coverage_Route4,2178.0,10398.0202020202,580.0,1000.0,22646888.0,1263240.0,2178000.0,26088128.0,Additional Route,,
39478,Mumbai_Coverage_Route5,2321.0,29977.11374407583,580.0,1000.0,69576881.0,1346180.0,2321000.0,73244061.0,Additional Route,,
39479,Mumbai_Coverage_Route6,1980.0,13605.80555555555,580.0,1000.0,26939495.0,1148400.0,1980000.0,30067895.0,Additional Route,,
39480,Mumbai_Coverage_Route7,2587.2,11600.0,580.0,1000.0,30011520.0,1500576.0,2587200.0,34099296.0,Additional Route,,
39481,Mumbai_Coverage_Route9,3771.9,11600.0,580.0,1000.0,43754040.0,2187702.0,3771900.0,49713642.0,Additional Route,,
39482,403,429.0,,,,,,,,"LMC routes (stand alone) ",,
39483,3099,682.0,,,,,,,,"LMC routes (stand alone) ",,
39484,5331,,,,,,,,,"LMC routes (stand alone) ",,
39485,679,448.0,,,,,,,,"LMC routes (stand alone) ",,
39486,1467,1428.67,,,,,,,,"LMC routes (stand alone) ",,
39487,4019,418.0,,,,,,,,"LMC routes (stand alone) ",,
39488,MA882,11.0,,,,,,,,"LMC routes (stand alone) ",,
39489,3151,78.4,14936.0,270.0,1100.0,1170982.4,23284.8,94864.0,1289131.2,"LMC routes (stand alone) ",,
39490,MB3510,,,,,,,,,"LMC routes (stand alone) ",,
39491,5504,,,,,,,,,"LMC routes (stand alone) ",,
39492,2322,100.8,14936.0,270.0,1100.0,1505548.8,29937.6,121968.0,1657454.4,"LMC routes (stand alone) ",,
39493,MB817,165.0,,270.0,1100.0,,49005.00000000001,199650.0,248655.0,"LMC routes (stand alone) ",,
39494,MA3428,55.0,12469.0,270.0,1100.0,685795.0,16335.0,66550.0,768680.0,"LMC routes (stand alone) ",,
39495,6195,242.0,14936.0,270.0,1100.0,3614512.0,71874.0,292820.0,3979206.0,"LMC routes (stand alone) ",,
39496,MB1474,11.0,14936.0,270.0,1100.0,164296.0,3267.0,13310.0,180873.0,"LMC routes (stand alone) ",,
39497,MA2736,22.0,8518.0,270.0,1100.0,187396.0,6534.000000000001,26620.0,220550.0,"LMC routes (stand alone) ",,
39498,MA5407,11.0,12469.0,270.0,1100.0,137159.0,3267.0,13310.0,153736.0,"LMC routes (stand alone) ",,
39499,MB2460,168.0,11600.0,270.0,1100.0,1948800.0,49896.00000000001,203280.0,2201976.0,"LMC routes (stand alone) ",,
39500,MA3795,224.0,11600.0,270.0,1100.0,2598400.0,66528.0,271040.0,2935968.0,"LMC routes (stand alone) ",,
39501,MA4535,280.0,11600.0,270.0,1100.0,3248000.0,83160.0,338800.0,3669960.0,"LMC routes (stand alone) ",,
39502,5592,280.0,11600.0,270.0,1100.0,3248000.0,83160.0,338800.0,3669960.0,"LMC routes (stand alone) ",,
39503,274,224.0,11600.0,270.0,1100.0,2598400.0,66528.0,271040.0,2935968.0,"LMC routes (stand alone) ",,
39504,855,168.0,11600.0,270.0,1100.0,1948800.0,49896.00000000001,203280.0,2201976.0,"LMC routes (stand alone) ",,
39505,MA6103,224.0,11600.0,270.0,1100.0,2598400.0,66528.0,271040.0,2935968.0,"LMC routes (stand alone) ",,
39506,MB3478,112.0,11600.0,270.0,1100.0,1299200.0,33264.0,135520.0,1467984.0,"LMC routes (stand alone) ",,
39507,5709,112.0,11600.0,270.0,1100.0,1299200.0,33264.0,135520.0,1467984.0,"LMC routes (stand alone) ",,
39508,6520,224.0,11600.0,270.0,1100.0,2598400.0,66528.0,271040.0,2935968.0,"LMC routes (stand alone) ",,
39509,1251,168.0,11700.0,270.0,1100.0,1965600.0,49896.00000000001,203280.0,2218776.0,"LMC routes (stand alone) ",,
39510,1256,896.0,11700.0,270.0,1100.0,10483200.0,266112.0,1084160.0,11833472.0,"LMC routes (stand alone) ",,
39511,MB4699,134.4,9600.0,270.0,1100.0,1290240.0,39916.8,162624.0,1492780.8,"LMC routes (stand alone) ",,
39512,MB1935,224.0,9600.0,270.0,1100.0,2150400.0,66528.0,271040.0,2487968.0,"LMC routes (stand alone) ",,
39513,4719,112.0,1500.0,270.0,2800.0,168000.0,33264.0,344960.0,546224.0,"LMC routes (stand alone) ",,
39514,4971,,,,,,,,,"LMC routes (stand alone) ",,
39515,5979,280.0,11700.0,270.0,1100.0,3276000.0,83160.0,338800.0,3697960.0,"LMC routes (stand alone) ",,
39516,2610,168.0,11700.0,270.0,1100.0,1965600.0,49896.00000000001,203280.0,2218776.0,"LMC routes (stand alone) ",,
39517,MA1044,168.0,11700.0,270.0,1100.0,1965600.0,49896.00000000001,203280.0,2218776.0,"LMC routes (stand alone) ",,
39518,4234,56.0,8518.0,270.0,1100.0,477008.0,16632.0,67760.0,561400.0,"LMC routes (stand alone) ",,
39519,3123,280.0,11700.0,270.0,1100.0,3276000.0,83160.0,338800.0,3697960.0,"LMC routes (stand alone) ",,
39520,MA4012,112.0,11700.0,270.0,1100.0,1310400.0,33264.0,135520.0,1479184.0,"LMC routes (stand alone) ",,
39521,4381,56.0,12469.0,270.0,1100.0,698264.0,16632.0,67760.0,782656.0,"LMC routes (stand alone) ",,
39522,1342,56.0,12469.0,270.0,1100.0,698264.0,16632.0,67760.0,782656.0,"LMC routes (stand alone) ",,
39523,MA1811,78.4,7487.0,270.0,1100.0,586980.8,23284.8,94864.0,705129.6,"LMC routes (stand alone) ",,
39524,3463,67.2,12469.0,270.0,1100.0,837916.8,19958.4,81312.0,939187.2,"LMC routes (stand alone) ",,
39525,1420,33.6,14936.0,270.0,1100.0,501849.6,9979.2,40656.0,552484.8,"LMC routes (stand alone) ",,
39526,MB2148,44.8,4500.0,270.0,1100.0,201600.0,13305.6,54208.0,269113.6,"LMC routes (stand alone) ",,
39527,MA2816,112.0,4500.0,270.0,1100.0,504000.0,33264.0,135520.0,672784.0,"LMC routes (stand alone) ",,
39528,MA2877,78.4,8518.0,270.0,1100.0,667811.2,23284.8,94864.0,785960.0,"LMC routes (stand alone) ",,
39529,MA18,123.2,14936.0,270.0,1100.0,1840115.2,36590.4,149072.0,2025777.6,"LMC routes (stand alone) ",,
39530,1000,89.6,14936.0,270.0,1100.0,1338265.6,26611.2,108416.0,1473292.8,"LMC routes (stand alone) ",,
39531,MA3372,44.8,12469.0,270.0,1100.0,558611.2,13305.6,54208.0,626124.8,"LMC routes (stand alone) ",,
39532,MB1155,78.4,8518.0,270.0,1100.0,667811.2,23284.8,94864.0,785960.0,"LMC routes (stand alone) ",,
39533,6138,87.81,12676.0,270.0,1100.0,1113054.21,26079.57,106247.68,1245380.86,"LMC routes (stand alone) ",,
39534,6021,112.0,14936.0,270.0,1100.0,1672832.0,33264.0,135520.0,1841616.0,"LMC routes (stand alone) ",,
39535,5831,67.2,7487.0,270.0,1100.0,503126.4,19958.4,81312.0,604396.8,"LMC routes (stand alone) ",,
39536,3330,44.8,12469.0,270.0,1100.0,558611.2,13305.6,54208.0,626124.8,"LMC routes (stand alone) ",,
39537,MA751,78.4,12469.0,270.0,1100.0,977569.6,23284.8,94864.0,1095718.4,"LMC routes (stand alone) ",,
39538,3166,67.2,4500.0,270.0,1100.0,302400.0,19958.4,81312.0,403670.4,"LMC routes (stand alone) ",,
39539,4883,50.4,14936.0,270.0,1100.0,752774.4,14968.8,60984.0,828727.2,"LMC routes (stand alone) ",,
39540,2317,156.8,12676.0,270.0,1100.0,1987596.8,46569.60000000001,189728.0,2223894.4,"LMC routes (stand alone) ",,
39541,1308,78.4,12469.0,270.0,1100.0,977569.6,23284.8,94864.0,1095718.4,"LMC routes (stand alone) ",,
39542,MA4247,179.2,14936.0,270.0,1100.0,2676531.2,53222.4,216832.0,2946585.6,"LMC routes (stand alone) ",,
39543,MB1723,313.6,14936.0,270.0,1100.0,4683929.6,93139.20000000001,379456.0,5156524.8,"LMC routes (stand alone) ",,
39544,MA4127,145.6,14936.0,270.0,1100.0,2174681.6,43243.2,176176.0,2394100.8,"LMC routes (stand alone) ",,
39545,333,50.4,14936.0,270.0,1100.0,752774.4,14968.8,60984.0,828727.2,"LMC routes (stand alone) ",,
39546,MA183,106.4,14936.0,270.0,1100.0,1589190.4,31600.8,128744.0,1749535.2,"LMC routes (stand alone) ",,
39547,MA129,28.0,14936.0,270.0,1100.0,418208.0,8316.0,33880.0,460404.0,"LMC routes (stand alone) ",,
39548,3589,280.0,14936.0,270.0,1100.0,4182080.0,83160.0,338800.0,4604040.0,"LMC routes (stand alone) ",,
39549,MA5238,89.6,32091.0,270.0,1100.0,2875353.6,26611.2,108416.0,3010380.8,"LMC routes (stand alone) ",,
39550,MB3183,4.48,32091.0,270.0,1100.0,143767.68,1330.56,5420.8,150519.04,"LMC routes (stand alone) ",,
39551,1027,145.6,14936.0,270.0,1100.0,2174681.6,43243.2,176176.0,2394100.8,"LMC routes (stand alone) ",,
39552,1264,12.54,12676.0,270.0,1100.0,159007.74,3724.38,15178.24,177911.55,"LMC routes (stand alone) ",,
39553,5436,106.4,14936.0,270.0,1100.0,1589190.4,31600.8,128744.0,1749535.2,"LMC routes (stand alone) ",,
39554,5525,388.42,14936.0,270.0,1100.0,5801381.38,115360.74,469983.36,6386724.29,"LMC routes (stand alone) ",,
39555,MB4330,228.03,12469.0,270.0,1100.0,2843331.01,67724.91,275918.72,3186975.23,"LMC routes (stand alone) ",,
39556,MB1608,56.0,4500.0,270.0,1100.0,252000.0,16632.0,67760.0,336392.0,"LMC routes (stand alone) ",,
39557,MB1585,112.0,11600.0,270.0,1100.0,1299200.0,33264.0,135520.0,1467984.0,"LMC routes (stand alone) ",,
39558,MB1728,112.0,11700.0,270.0,1100.0,1310400.0,33264.0,135520.0,1479184.0,"LMC routes (stand alone) ",,
39559,MB2983,112.0,12469.0,270.0,1100.0,1396528.0,33264.0,135520.0,1565312.0,"LMC routes (stand alone) ",,
39560,4609,224.0,14936.0,270.0,1100.0,3345664.0,66528.0,271040.0,3683232.0,"LMC routes (stand alone) ",,
39561,174,190.4,14936.0,270.0,1100.0,2843814.4,56548.8,230384.0,3130747.2,"LMC routes (stand alone) ",,
39562,MB2484,22.4,32091.0,270.0,1100.0,718838.4,6652.8,27104.0,752595.2,"LMC routes (stand alone) ",,
39563,MB640,112.0,9600.0,270.0,1100.0,1075200.0,33264.0,135520.0,1243984.0,"LMC routes (stand alone) ",,
39564,6087,112.0,11700.0,270.0,1100.0,1310400.0,33264.0,135520.0,1479184.0,"LMC routes (stand alone) ",,
39565,MA3670,67.2,8518.0,270.0,1100.0,572409.6,19958.4,81312.0,673680.0,"LMC routes (stand alone) ",,
39566,247,112.0,12469.0,270.0,1100.0,1396528.0,33264.0,135520.0,1565312.0,"LMC routes (stand alone) ",,
39567,MB2489,33.6,4500.0,270.0,1100.0,151200.0,9979.2,40656.0,201835.2,"LMC routes (stand alone) ",,
39568,334,112.0,14936.0,270.0,1100.0,1672832.0,33264.0,135520.0,1841616.0,"LMC routes (stand alone) ",,
39569,MA2,78.4,14936.0,270.0,1100.0,1170982.4,23284.8,94864.0,1289131.2,"LMC routes (stand alone) ",,
39570,4295,112.0,32091.0,270.0,1100.0,3594192.0,33264.0,135520.0,3762976.0,"LMC routes (stand alone) ",,
39571,1387,78.4,14936.0,270.0,1100.0,1170982.4,23284.8,94864.0,1289131.2,"LMC routes (stand alone) ",,
39572,5387,33.6,14936.0,270.0,1100.0,501849.6,9979.2,40656.0,552484.8,"LMC routes (stand alone) ",,
39573,148,67.2,14936.0,270.0,1100.0,1003699.2,19958.4,81312.0,1104969.6,"LMC routes (stand alone) ",,
39574,MA4659,67.2,8518.0,270.0,1100.0,572409.6,19958.4,81312.0,673680.0,"LMC routes (stand alone) ",,
39575,1008,67.2,7487.0,270.0,1100.0,503126.4,19958.4,81312.0,604396.8,"LMC routes (stand alone) ",,
39576,356,123.2,8518.0,270.0,1100.0,1049417.6,36590.4,149072.0,1235080.0,"LMC routes (stand alone) ",,
39577,6323,224.0,11600.0,270.0,1100.0,2598400.0,66528.0,271040.0,2935968.0,"LMC routes (stand alone) ",,
39578,4409,110.0,4500.0,270.0,1100.0,495000.0,32670.0,133100.0,660770.0,"LMC routes (stand alone) ",,
39579,273,448.0,1500.0,270.0,2800.0,672000.0,133056.0,1379840.0,2184896.0,"LMC routes (stand alone) ",,
39580,3292,560.0,11700.0,270.0,1100.0,6552000.0,166320.0,677600.0,7395920.0,"LMC routes (stand alone) ",,
39581,1371,66.0,14936.0,270.0,1100.0,985776.0,19602.0,79860.0,1085238.0,"LMC routes (stand alone) ",,
39582,4534,220.0,14936.0,270.0,1100.0,3285920.0,65340.00000000001,266200.0,3617460.0,"LMC routes (stand alone) ",,
39583,MB1311,373.0,14936.0,270.0,1100.0,5571128.0,110781.0,451330.0,6133239.0,"LMC routes (stand alone) ",,
39584,4998,330.0,12600.0,270.0,1100.0,4158000.0,98010.00000000001,399300.0,4655310.0,"LMC routes (stand alone) ",,
39585,MA3675,187.0,12600.0,270.0,1100.0,2356200.0,55539.00000000001,226270.0,2638009.0,"LMC routes (stand alone) ",,
39586,6177,220.0,12600.0,270.0,1100.0,2772000.0,65340.00000000001,266200.0,3103540.0,"LMC routes (stand alone) ",,
39587,MB4281,220.0,9600.0,270.0,1100.0,2112000.0,65340.00000000001,266200.0,2443540.0,"LMC routes (stand alone) ",,
39588,4546,200.0,11700.0,270.0,1100.0,2340000.0,59400.00000000001,242000.0,2641400.0,"LMC routes (stand alone) ",,
39589,1670,104.5,11700.0,270.0,1100.0,1222650.0,31036.5,126445.0,1380131.5,"LMC routes (stand alone) ",,
39590,MA5034,110.0,32019.0,270.0,1100.0,3522090.0,32670.0,133100.0,3687860.0,"LMC routes (stand alone) ",,
39591,MA2088,57.2,10187.0,270.0,1100.0,582696.4,16988.4,69212.0,668896.8,"LMC routes (stand alone) ",,
39592,4088,253.0,32019.0,270.0,1100.0,8100807.0,75141.0,306130.0,8482078.0,"LMC routes (stand alone) ",,
39593,2643,16.5,32019.0,270.0,1100.0,528313.5,4900.5,19965.0,553179.0,"LMC routes (stand alone) ",,
39594,194,99.0,14936.0,270.0,1100.0,1478664.0,29403.0,119790.0,1627857.0,"LMC routes (stand alone) ",,
39595,MA5982,11.0,14936.0,270.0,1100.0,164296.0,3267.0,13310.0,180873.0,"LMC routes (stand alone) ",,
39596,6213,297.0,14936.0,270.0,1100.0,4435992.0,88209.0,359370.0,4883571.0,"LMC routes (stand alone) ",,
39597,MA1056,297.0,11700.0,270.0,1100.0,3474900.0,88209.0,359370.0,3922479.0,"LMC routes (stand alone) ",,
39598,MB2466,110.0,14936.0,270.0,1100.0,1642960.0,32670.0,133100.0,1808730.0,"LMC routes (stand alone) ",,
39599,636,253.0,14936.0,270.0,1100.0,3778808.0,75141.0,306130.0,4160079.0,"LMC routes (stand alone) ",,
39600,MA981,110.0,14936.0,270.0,1100.0,1642960.0,32670.0,133100.0,1808730.0,"LMC routes (stand alone) ",,
39601,5158,253.0,14936.0,270.0,1100.0,3778808.0,75141.0,306130.0,4160079.0,"LMC routes (stand alone) ",,
39602,MA1840,253.0,9600.0,270.0,1100.0,2428800.0,75141.0,306130.0,2810071.0,"LMC routes (stand alone) ",,
39603,4093,165.0,1500.0,270.0,1100.0,247500.0,49005.00000000001,199650.0,496155.0,"LMC routes (stand alone) ",,
39604,1474,33.0,11700.0,270.0,1100.0,386100.0,9801.0,39930.0,435831.0,"LMC routes (stand alone) ",,
39605,4936,24.2,11700.0,270.0,1100.0,283140.0,7187.400000000001,29282.0,319609.4,"LMC routes (stand alone) ",,
39606,MA1436,11.0,11700.0,270.0,1100.0,128700.0,3267.0,13310.0,145277.0,"LMC routes (stand alone) ",,
39607,5395,38.5,11700.0,270.0,1100.0,450450.0,11434.5,46585.0,508469.5,"LMC routes (stand alone) ",,
39608,MA3827,22.0,11700.0,270.0,1100.0,257400.0,6534.000000000001,26620.0,290554.0,"LMC routes (stand alone) ",,
39609,MB1084,220.0,11700.0,270.0,1100.0,2574000.0,65340.00000000001,266200.0,2905540.0,"LMC routes (stand alone) ",,
39610,MA1156,50.0,11700.0,270.0,1100.0,585000.0,14850.0,60500.0,660350.0,"LMC routes (stand alone) ",,
39611,4485,20.0,14936.0,270.0,1100.0,298720.0,5940.000000000001,24200.0,328860.0,"LMC routes (stand alone) ",,
39612,MA2545,11.0,8518.0,270.0,1100.0,93698.0,3267.0,13310.0,110275.0,"LMC routes (stand alone) ",,
39613,MB6370,33.0,14936.0,270.0,1100.0,492888.0,9801.0,39930.0,542619.0,"LMC routes (stand alone) ",,
39614,6281,165.0,14936.0,270.0,1100.0,2464440.0,49005.00000000001,199650.0,2713095.0,"LMC routes (stand alone) ",,
39615,5886,110.0,14936.0,270.0,1100.0,1642960.0,32670.0,133100.0,1808730.0,"LMC routes (stand alone) ",,
39616,MA4575,286.0,8518.0,270.0,1100.0,2436148.0,84942.0,346060.0,2867150.0,"LMC routes (stand alone) ",,
39617,MA928,368.5,14936.0,270.0,1100.0,5503916.0,109444.5,445885.0,6059245.5,"LMC routes (stand alone) ",,
39618,MA2115,11.0,32019.0,270.0,1100.0,352209.0,3267.0,13310.0,368786.0,"LMC routes (stand alone) ",,
39619,MA699,22.0,14936.0,270.0,1100.0,328592.0,6534.000000000001,26620.0,361746.0,"LMC routes (stand alone) ",,
39620,3128,165.0,11600.0,270.0,1100.0,1914000.0,49005.00000000001,199650.0,2162655.0,"LMC routes (stand alone) ",,
39621,2931,385.0,8518.0,270.0,1100.0,3279430.0,114345.0,465850.0,3859625.0,"LMC routes (stand alone) ",,
39622,4081,165.0,3500.0,270.0,1100.0,577500.0,49005.00000000001,199650.0,826155.0,"LMC routes (stand alone) ",,
39623,4858,30.8,14936.0,270.0,1100.0,460028.8,9147.6,37268.0,506444.4,"LMC routes (stand alone) ",,
39624,4880,55.0,8518.0,270.0,1100.0,468490.0,16335.0,66550.0,551375.0,"LMC routes (stand alone) ",,
39625,MA649,542.0,12600.0,270.0,1100.0,6829200.0,160974.0,655820.0,7645994.0,"LMC routes (stand alone) ",,
39626,MA1621,165.0,3500.0,270.0,1100.0,577500.0,49005.00000000001,199650.0,826155.0,"LMC routes (stand alone) ",,
39627,MA2398,346.5,11600.0,270.0,1100.0,4019400.0,102910.5,419265.0,4541575.5,"LMC routes (stand alone) ",,
39628,MA6227,154.0,11700.0,270.0,1100.0,1801800.0,45738.00000000001,186340.0,2033878.0,"LMC routes (stand alone) ",,
39629,MA241,297.0,11600.0,270.0,1100.0,3445200.0,88209.0,359370.0,3892779.0,"LMC routes (stand alone) ",,
39630,2372,10.0,14936.0,270.0,1100.0,149360.0,2970.0,12100.0,164430.0,"LMC routes (stand alone) ",,
39631,MB2509,11.0,3500.0,270.0,1100.0,38500.0,3267.0,13310.0,55077.0,"LMC routes (stand alone) ",,
39632,MA2576,38.5,14936.0,270.0,1100.0,575036.0,11434.5,46585.0,633055.5,"LMC routes (stand alone) ",,
39633,1471,308.0,32019.0,270.0,1100.0,9861852.0,91476.00000000001,372680.0,10326008.0,"LMC routes (stand alone) ",,
39634,319,286.0,9600.0,270.0,1100.0,2745600.0,84942.0,346060.0,3176602.0,"LMC routes (stand alone) ",,
39635,MB2367,143.0,1500.0,270.0,1100.0,214500.0,42471.0,173030.0,430001.0,"LMC routes (stand alone) ",,
39636,370,66.0,14936.0,270.0,1100.0,985776.0,19602.0,79860.0,1085238.0,"LMC routes (stand alone) ",,
39637,MA1855,110.0,14936.0,270.0,1100.0,1642960.0,32670.0,133100.0,1808730.0,"LMC routes (stand alone) ",,
39638,MA4114,726.0,12600.0,270.0,1100.0,9147600.0,215622.0,878460.0,10241682.0,"LMC routes (stand alone) ",,
39639,MA3841,1210.0,11600.0,270.0,1100.0,14036000.0,359370.0,1464100.0,15859470.0,"LMC routes (stand alone) ",,
39640,4337,742.5,12469.0,270.0,1100.0,9258232.5,220522.5,898425.0,10377180.0,"LMC routes (stand alone) ",,
39641,MA3052,2552.0,12600.0,270.0,1100.0,32155200.0,757944.0000000001,3087920.0,36001064.0,"LMC routes (stand alone) ",,
39642,4449,1155.0,10187.0,270.0,1100.0,11765985.0,343035.0,1397550.0,13506570.0,"LMC routes (stand alone) ",,
39643,423,1078.0,8518.0,270.0,1100.0,9182404.0,320166.0,1304380.0,10806950.0,"LMC routes (stand alone) ",,
39644,MA2194,517.0,,,,,,,,"LMC routes (stand alone) ",,
39645,ROM1533,,,,,,,,,"LMC routes (stand alone) ",,
39646,306,396.0,,,,,,,,"LMC routes (stand alone) ",,
39647,3645,476.0,,,,,,,,"LMC routes (stand alone) ",,
39648,5767,1430.0,,,,,,,,"LMC routes (stand alone) ",,
39649,1550,737.0,,,,,,,,"LMC routes (stand alone) ",,
39650,6279,2420.0,,,,,,,,"LMC routes (stand alone) ",,
39651,MB2619,550.0,,,,,,,,"LMC routes (stand alone) ",,
39652,MA1336,712.8,,,,,,,,"LMC routes (stand alone) ",,
39653,MA4735,858.0,,,,,,,,"LMC routes (stand alone) ",,
39654,1297,981.2,,,,,,,,"LMC routes (stand alone) ",,
39655,MA3828,903.1,,,,,,,,"LMC routes (stand alone) ",,
39656,MB2693,550.0,,,,,,,,"LMC routes (stand alone) ",,
39657,5095,891.0,,,,,,,,"LMC routes (stand alone) ",,
39658,660,2750.0,,,,,,,,"LMC routes (stand alone) ",,
39659,MB328,,,,,,,,,"LMC routes (stand alone) ",,
39660,434,56.0,,,,,,,,"LMC routes (stand alone) ",,
39661,MA1813,,,,,,,,,"LMC routes (stand alone) ",,
39662,MB2632,,,,,,,,,"LMC routes (stand alone) ",,
39663,4690,11.0,,,,,,,,"LMC routes (stand alone) ",,
39664,MA5091,,,,,,,,,"LMC routes (stand alone) ",,
39665,880,,,,,,,,,"LMC routes (stand alone) ",,
39666,4997,,,,,,,,,"LMC routes (stand alone) ",,
39667,3989,,,,,,,,,"LMC routes (stand alone) ",,
39668,5508,,,,,,,,,"LMC routes (stand alone) ",,
39669,MB2355,,,,,,,,,"LMC routes (stand alone) ",,
39670,8,,,,,,,,,"LMC routes (stand alone) ",,
39671,MA769,,,,,,,,,"LMC routes (stand alone) ",,
39672,MB2229,,,,,,,,,"LMC routes (stand alone) ",,
39673,1852,,,,,,,,,"LMC routes (stand alone) ",,
39674,4501,,,,,,,,,"LMC routes (stand alone) ",,
39675,MA3132,,,,,,,,,"LMC routes (stand alone) ",,
39676,MB2765,,,,,,,,,"LMC routes (stand alone) ",,
39677,MB1615,,,,,,,,,"LMC routes (stand alone) ",,
39678,6172,,,,,,,,,"LMC routes (stand alone) ",,
39679,1734,,,,,,,,,"LMC routes (stand alone) ",,
39680,MA3759,,,,,,,,,"LMC routes (stand alone) ",,
39681,5225,,,,,,,,,"LMC routes (stand alone) ",,
39682,MA28,168.0,11600.0,270.0,1100.0,1948800.0,49896.00000000001,184800.0,2178960.0,"LMC routes (stand alone) ",,
39683,MB1591,280.0,11600.0,270.0,1100.0,3248000.0,83160.0,308000.0,3631600.0,"LMC routes (stand alone) ",,
39684,MA312,112.0,11600.0,270.0,1100.0,1299200.0,33264.0,123200.0,1452640.0,"LMC routes (stand alone) ",,
39685,MA72,112.0,11600.0,270.0,1100.0,1299200.0,33264.0,123200.0,1452640.0,"LMC routes (stand alone) ",,
39686,MA6498,168.0,11600.0,270.0,1100.0,1948800.0,49896.00000000001,184800.0,2178960.0,"LMC routes (stand alone) ",,
39687,MA1048,280.0,11600.0,270.0,1100.0,3248000.0,83160.0,308000.0,3631600.0,"LMC routes (stand alone) ",,
39688,MA6019,280.0,11600.0,270.0,1100.0,3248000.0,83160.0,308000.0,3631600.0,"LMC routes (stand alone) ",,
39689,MA5099,224.0,11600.0,270.0,1100.0,2598400.0,66528.0,246400.0,2905280.0,"LMC routes (stand alone) ",,
39690,2366,280.0,11600.0,270.0,1100.0,3248000.0,83160.0,308000.0,3631600.0,"LMC routes (stand alone) ",,
39691,MA1730,280.0,11600.0,270.0,1100.0,3248000.0,83160.0,308000.0,3631600.0,"LMC routes (stand alone) ",,
39692,MA1227,268.8,12600.0,270.0,1100.0,3386880.0,79833.6,295680.0,3755136.0,"LMC routes (stand alone) ",,
39693,MB2863,112.0,11600.0,270.0,1100.0,1299200.0,33264.0,123200.0,1452640.0,"LMC routes (stand alone) ",,
39694,MA2049,224.0,12600.0,270.0,1100.0,2822400.0,66528.0,246400.0,3129280.0,"LMC routes (stand alone) ",,
39695,4917,11.2,12600.0,270.0,1100.0,141120.0,3326.4,12320.0,156464.0,"LMC routes (stand alone) ",,
39696,MB3502,224.0,9500.0,270.0,1100.0,2128000.0,66528.0,246400.0,2434880.0,"LMC routes (stand alone) ",,
39697,MA3832,112.0,11600.0,270.0,1100.0,1299200.0,33264.0,123200.0,1452640.0,"LMC routes (stand alone) ",,
39698,2798,168.0,11600.0,270.0,1100.0,1948800.0,49896.00000000001,184800.0,2178960.0,"LMC routes (stand alone) ",,
39699,MB3311,224.0,12600.0,270.0,1100.0,2822400.0,66528.0,246400.0,3129280.0,"LMC routes (stand alone) ",,
39700,MB1584,112.0,9500.0,270.0,1100.0,1064000.0,33264.0,123200.0,1217440.0,"LMC routes (stand alone) ",,
39701,MA2866,246.4,5000.0,270.0,2500.0,1232000.0,73180.8,616000.0,1914528.0,"LMC routes (stand alone) ",,
39702,MB1481,280.0,9600.0,270.0,1100.0,2688000.0,83160.0,308000.0,3071600.0,"LMC routes (stand alone) ",,
39703,MA73,280.0,1500.0,270.0,2800.0,420000.0,83160.0,784000.0,1279600.0,"LMC routes (stand alone) ",,
39704,MA3055,280.0,1500.0,270.0,1100.0,420000.0,83160.0,308000.0,803600.0,"LMC routes (stand alone) ",,
39705,1640,168.0,9600.0,270.0,1100.0,1612800.0,49896.00000000001,184800.0,1842960.0,"LMC routes (stand alone) ",,
39706,MA6505,280.0,9600.0,270.0,1100.0,2688000.0,83160.0,308000.0,3071600.0,"LMC routes (stand alone) ",,
39707,MA6340,180.77,13439.0,270.0,1100.0,2429341.15,53688.69,198844.8,2676993.31,"LMC routes (stand alone) ",,
39708,4495,134.4,1500.0,270.0,2800.0,201600.0,39916.8,376320.0,614208.0,"LMC routes (stand alone) ",,
39709,MA3916,280.0,1500.0,270.0,1100.0,420000.0,83160.0,308000.0,803600.0,"LMC routes (stand alone) ",,
39710,MA3683,280.0,11700.0,270.0,1100.0,3276000.0,83160.0,308000.0,3659600.0,"LMC routes (stand alone) ",,
39711,2245,280.0,11700.0,270.0,1100.0,3276000.0,83160.0,308000.0,3659600.0,"LMC routes (stand alone) ",,
39712,MA943,168.0,11700.0,270.0,1100.0,1965600.0,49896.00000000001,184800.0,2195760.0,"LMC routes (stand alone) ",,
39713,MB3890,280.0,11700.0,270.0,1100.0,3276000.0,83160.0,308000.0,3659600.0,"LMC routes (stand alone) ",,
39714,MA3180,280.0,11700.0,270.0,1100.0,3276000.0,83160.0,308000.0,3659600.0,"LMC routes (stand alone) ",,
39715,5286,56.0,12469.0,270.0,1100.0,698264.0,16632.0,61600.0,774984.0,"LMC routes (stand alone) ",,
39716,MB4482,112.0,11700.0,270.0,1100.0,1310400.0,33264.0,123200.0,1463840.0,"LMC routes (stand alone) ",,
39717,1788,168.0,12469.0,270.0,1100.0,2094792.0,49896.00000000001,184800.0,2324952.0,"LMC routes (stand alone) ",,
39718,4014,168.0,14936.0,270.0,1100.0,2509248.0,49896.00000000001,184800.0,2739408.0,"LMC routes (stand alone) ",,
39719,2122,112.0,14936.0,270.0,1100.0,1672832.0,33264.0,123200.0,1826272.0,"LMC routes (stand alone) ",,
39720,6169,280.0,14936.0,270.0,1100.0,4182080.0,83160.0,308000.0,4565680.0,"LMC routes (stand alone) ",,
39721,MA4100,280.0,8518.0,270.0,1100.0,2385040.0,83160.0,308000.0,2768640.0,"LMC routes (stand alone) ",,
39722,MA5495,134.4,12469.0,270.0,1100.0,1675833.6,39916.8,147840.0,1859961.6,"LMC routes (stand alone) ",,
39723,5682,224.0,14936.0,270.0,1100.0,3345664.0,66528.0,246400.0,3652544.0,"LMC routes (stand alone) ",,
39724,3901,280.0,8518.0,270.0,1100.0,2385040.0,83160.0,308000.0,2768640.0,"LMC routes (stand alone) ",,
39725,2510,134.4,7487.0,270.0,1100.0,1006252.8,39916.8,147840.0,1190380.8,"LMC routes (stand alone) ",,
39726,MA1794,,,,,,,,,"LMC routes (stand alone) ",,
39727,3107,291.2,8518.0,270.0,1100.0,2480441.6,86486.40000000001,320320.0,2879385.6,"LMC routes (stand alone) ",,
39728,744,112.0,14936.0,270.0,1100.0,1672832.0,33264.0,123200.0,1826272.0,"LMC routes (stand alone) ",,
39729,1659,224.0,8518.0,270.0,1100.0,1908032.0,66528.0,246400.0,2214912.0,"LMC routes (stand alone) ",,
39730,1365,134.4,14936.0,270.0,1100.0,2007398.4,39916.8,147840.0,2191526.4,"LMC routes (stand alone) ",,
39731,MA184,291.2,4500.0,270.0,1100.0,1310400.0,86486.40000000001,320320.0,1709344.0,"LMC routes (stand alone) ",,
39732,596,134.4,4500.0,270.0,1100.0,604800.0,39916.8,147840.0,788928.0,"LMC routes (stand alone) ",,
39733,6154,246.4,14936.0,270.0,1100.0,3680230.4,73180.8,271040.0,4017798.4,"LMC routes (stand alone) ",,
39734,5980,44.8,14936.0,270.0,1100.0,669132.8,13305.6,49280.0,730508.8,"LMC routes (stand alone) ",,
39735,MB2495,224.0,8518.0,270.0,1100.0,1908032.0,66528.0,246400.0,2214912.0,"LMC routes (stand alone) ",,
39736,6015,280.0,14936.0,270.0,1100.0,4182080.0,83160.0,308000.0,4565680.0,"LMC routes (stand alone) ",,
39737,MA4977,257.6,1500.0,270.0,1100.0,386400.0,76507.20000000001,283360.0,739312.0,"LMC routes (stand alone) ",,
39738,MB2505,256.7,12676.0,270.0,1100.0,3253979.9,76239.90000000001,282374.4,3605664.38,"LMC routes (stand alone) ",,
39739,6479,190.4,14936.0,270.0,1100.0,2843814.4,56548.8,209440.0,3104662.4,"LMC routes (stand alone) ",,
39740,2477,134.4,,270.0,2500.0,,39916.8,336000.0,372288.0,"LMC routes (stand alone) ",,
39741,MA366,224.0,4500.0,270.0,1100.0,1008000.0,66528.0,246400.0,1314880.0,"LMC routes (stand alone) ",,
39742,MA2282,89.6,4500.0,270.0,1100.0,403200.0,26611.2,98560.0,525952.0,"LMC routes (stand alone) ",,
39743,5155,145.6,12469.0,270.0,1100.0,1815486.4,43243.2,160160.0,2014958.4,"LMC routes (stand alone) ",,
39744,5898,134.4,14936.0,270.0,1100.0,2007398.4,39916.8,147840.0,2191526.4,"LMC routes (stand alone) ",,
39745,5627,161.28,4500.0,270.0,1100.0,725760.0,47900.16,177408.0,946713.6,"LMC routes (stand alone) ",,
39746,3386,280.0,8518.0,270.0,1100.0,2385040.0,83160.0,308000.0,2768640.0,"LMC routes (stand alone) ",,
39747,MB5491,224.0,12469.0,270.0,1100.0,2793056.0,66528.0,246400.0,3099936.0,"LMC routes (stand alone) ",,
39748,MA4076,89.6,14936.0,270.0,1100.0,1338265.6,26611.2,98560.0,1461017.6,"LMC routes (stand alone) ",,
39749,3604,56.0,7487.0,270.0,1100.0,419272.0,16632.0,61600.0,495992.0,"LMC routes (stand alone) ",,
39750,5541,235.2,14936.0,270.0,1100.0,3512947.2,69854.40000000001,258720.0,3835171.2,"LMC routes (stand alone) ",,
39751,MA4416,280.0,11700.0,270.0,1100.0,3276000.0,83160.0,308000.0,3659600.0,"LMC routes (stand alone) ",,
39752,2628,168.0,11700.0,270.0,1100.0,1965600.0,49896.00000000001,184800.0,2195760.0,"LMC routes (stand alone) ",,
39753,MA2512,56.0,12469.0,270.0,1100.0,698264.0,16632.0,61600.0,774984.0,"LMC routes (stand alone) ",,
39754,2958,224.0,14936.0,270.0,1100.0,3345664.0,66528.0,246400.0,3652544.0,"LMC routes (stand alone) ",,
39755,MA4828,230.72,13439.0,270.0,1100.0,3100646.08,68523.84000000001,253792.0,3416732.48,"LMC routes (stand alone) ",,
39756,MA6274,156.8,4500.0,270.0,1100.0,705600.0,46569.60000000001,172480.0,920416.0,"LMC routes (stand alone) ",,
39757,MB1785,162.85,12469.0,270.0,1100.0,2030551.71,48366.45,179132.8,2253653.47,"LMC routes (stand alone) ",,
39758,142,145.6,14936.0,270.0,1100.0,2174681.6,43243.2,160160.0,2374153.6,"LMC routes (stand alone) ",,
39759,MA3580,190.4,14936.0,270.0,1100.0,2843814.4,56548.8,209440.0,3104662.4,"LMC routes (stand alone) ",,
39760,MA3442,168.0,11600.0,270.0,1100.0,1948800.0,49896.00000000001,184800.0,2178960.0,"LMC routes (stand alone) ",,
39761,5590,224.0,11600.0,270.0,1100.0,2598400.0,66528.0,246400.0,2905280.0,"LMC routes (stand alone) ",,
39762,MA5750,168.0,11600.0,270.0,1100.0,1948800.0,49896.00000000001,184800.0,2178960.0,"LMC routes (stand alone) ",,
39763,MA3897,224.0,9500.0,270.0,1100.0,2128000.0,66528.0,246400.0,2434880.0,"LMC routes (stand alone) ",,
39764,MA658,168.0,11700.0,270.0,1100.0,1965600.0,49896.00000000001,184800.0,2195760.0,"LMC routes (stand alone) ",,
39765,1924,280.0,12469.0,270.0,1100.0,3491320.0,83160.0,308000.0,3874920.0,"LMC routes (stand alone) ",,
39766,1490,280.0,14936.0,270.0,1100.0,4182080.0,83160.0,308000.0,4565680.0,"LMC routes (stand alone) ",,
39767,5687,280.0,7487.0,270.0,1100.0,2096360.0,83160.0,308000.0,2479960.0,"LMC routes (stand alone) ",,
39768,2367,179.2,32091.0,270.0,1100.0,5750707.2,53222.4,197120.0,5996211.2,"LMC routes (stand alone) ",,
39769,MB3106,190.4,14936.0,270.0,1100.0,2843814.4,56548.8,209440.0,3104662.4,"LMC routes (stand alone) ",,
39770,4131,224.0,14936.0,270.0,1100.0,3345664.0,66528.0,246400.0,3652544.0,"LMC routes (stand alone) ",,
39771,MA1939,134.4,4500.0,270.0,1100.0,604800.0,39916.8,147840.0,788928.0,"LMC routes (stand alone) ",,
39772,400,156.8,8518.0,270.0,1100.0,1335622.4,46569.60000000001,172480.0,1550438.4,"LMC routes (stand alone) ",,
39773,3398,134.4,8518.0,270.0,1100.0,1144819.2,39916.8,147840.0,1328947.2,"LMC routes (stand alone) ",,
39774,6006,145.6,32091.0,270.0,1100.0,4672449.6,43243.2,160160.0,4871921.6,"LMC routes (stand alone) ",,
39775,MB3226,168.0,11600.0,270.0,1100.0,1948800.0,49896.00000000001,184800.0,2178960.0,"LMC routes (stand alone) ",,
39776,MA4786,291.2,12600.0,270.0,1100.0,3669120.0,86486.40000000001,320320.0,4068064.0,"LMC routes (stand alone) ",,
39777,MA4011,224.0,11600.0,270.0,1100.0,2598400.0,66528.0,246400.0,2905280.0,"LMC routes (stand alone) ",,
39778,MA3567,280.0,9600.0,270.0,1100.0,2688000.0,83160.0,308000.0,3071600.0,"LMC routes (stand alone) ",,
39779,MA2370,224.0,11700.0,270.0,1100.0,2620800.0,66528.0,246400.0,2927680.0,"LMC routes (stand alone) ",,
39780,4198,168.0,11700.0,270.0,1100.0,1965600.0,49896.00000000001,184800.0,2195760.0,"LMC routes (stand alone) ",,
39781,MA6546,280.0,5700.0,270.0,1100.0,1596000.0,83160.0,308000.0,1979600.0,"LMC routes (stand alone) ",,
39782,MA2096,112.0,12469.0,270.0,1100.0,1396528.0,33264.0,123200.0,1549968.0,"LMC routes (stand alone) ",,
39783,MA3601,280.0,8518.0,270.0,1100.0,2385040.0,83160.0,308000.0,2768640.0,"LMC routes (stand alone) ",,
39784,MB3457,78.4,7487.0,270.0,1100.0,586980.8,23284.8,86240.0,694388.8,"LMC routes (stand alone) ",,
39785,379,190.4,14936.0,270.0,1100.0,2843814.4,56548.8,209440.0,3104662.4,"LMC routes (stand alone) ",,
39786,MB2981,257.6,4500.0,270.0,1100.0,1159200.0,76507.20000000001,283360.0,1512112.0,"LMC routes (stand alone) ",,
39787,721,112.0,4500.0,270.0,1100.0,504000.0,33264.0,123200.0,657440.0,"LMC routes (stand alone) ",,
39788,MA4210,11.2,14936.0,270.0,1100.0,167283.2,3326.4,12320.0,182627.2,"LMC routes (stand alone) ",,
39789,3411,16.8,14936.0,270.0,1100.0,250924.8,4989.6,18480.0,273940.8,"LMC routes (stand alone) ",,
39790,MA701,168.0,14936.0,270.0,1100.0,2509248.0,49896.00000000001,184800.0,2739408.0,"LMC routes (stand alone) ",,
39791,111,25.09,32091.0,270.0,1100.0,805099.01,7451.73,27596.8,839469.57,"LMC routes (stand alone) ",,
39792,MA4632,291.2,14936.0,270.0,1100.0,4349363.2,86486.40000000001,320320.0,4748307.2,"LMC routes (stand alone) ",,
39793,5237,11.2,14936.0,270.0,1100.0,167283.2,3326.4,12320.0,182627.2,"LMC routes (stand alone) ",,
39794,MA960,234.93,13439.0,270.0,1100.0,3157240.4,69774.21,258424.32,3479096.14,"LMC routes (stand alone) ",,
39795,3071,156.8,8518.0,270.0,1100.0,1335622.4,46569.60000000001,172480.0,1550438.4,"LMC routes (stand alone) ",,
39796,2996,62.72,12676.0,270.0,1100.0,795038.72,18627.84,68992.0,880965.12,"LMC routes (stand alone) ",,
39797,2010,250.88,12676.0,270.0,1100.0,3180154.88,74511.36000000002,275968.0,3523860.48,"LMC routes (stand alone) ",,
39798,341,,,,,,,,,"LMC routes (stand alone) ",,
39799,MB36,,,,,,,,,"LMC routes (stand alone) ",,
39800,3273,,,,,,,,,"LMC routes (stand alone) ",,
39801,3144,,,,,,,,,"LMC routes (stand alone) ",,
39802,1797,,,,,,,,,"LMC routes (stand alone) ",,
39803,MA5656,605.0,3000.0,270.0,1100.0,1996500.0,179685.0,732050.0,2908235.0,Route LM,,
39804,4474,275.0,12469.0,270.0,1100.0,3771872.5,81675.0,332750.0,4186297.5,Route LM,,
39805,6369,11.0,10187.0,270.0,1100.0,123262.7,3267.0,13310.0,139839.7,Route LM,,
39806,3354,110.0,11700.0,270.0,1100.0,1415700.0,32670.0,133100.0,1581470.0,Route LM,,
39807,MA1751,275.0,11700.0,270.0,1100.0,3539250.0,81675.0,332750.0,3953675.0,Route LM,,
39808,MA3495,110.0,11700.0,270.0,1100.0,1415700.0,32670.0,133100.0,1581470.0,Route LM,,
39809,2587,275.0,11700.0,270.0,1100.0,3539250.0,81675.0,332750.0,3953675.0,Route LM,,
39810,MA5212,275.0,11700.0,270.0,1100.0,3539250.0,81675.0,332750.0,3953675.0,Route LM,,
39811,4378,110.0,11700.0,270.0,1100.0,1415700.0,32670.0,133100.0,1581470.0,Route LM,,
39812,MA4138,110.0,11700.0,270.0,1100.0,1415700.0,32670.0,133100.0,1581470.0,Route LM,,
39813,5357,495.0,11700.0,270.0,1100.0,6370650.0,147015.0,598950.0,7116615.0,Route LM,,
39814,MA2152,110.0,11700.0,270.0,1100.0,1415700.0,32670.0,133100.0,1581470.0,Route LM,,
39815,MA1036,275.0,11700.0,270.0,1100.0,3539250.0,81675.0,332750.0,3953675.0,Route LM,,
39816,MB6417,220.0,11700.0,270.0,1100.0,2831400.0,65340.00000000001,266200.0,3162940.0,Route LM,,
39817,6094,165.0,11700.0,270.0,1100.0,2123550.0,49005.00000000001,199650.0,2372205.0,Route LM,,
39818,MB4464,55.0,5600.0,270.0,1100.0,338800.0,16335.0,66550.0,421685.0,Route LM,,
39819,MB2248,55.0,5600.0,270.0,1100.0,338800.0,16335.0,66550.0,421685.0,Route LM,,
39820,MB4458,77.0,5600.0,270.0,1100.0,474320.0,22869.0,93170.0,590359.0,Route LM,,
39821,MA5118,55.0,1500.0,270.0,1100.0,90750.0,16335.0,66550.0,173635.0,Route LM,,
39822,MA4147,385.0,1500.0,270.0,1100.0,635250.0,114345.0,465850.0,1215445.0,Route LM,,
39823,MA2824,220.0,11700.0,270.0,1100.0,2831400.0,65340.00000000001,266200.0,3162940.0,Route LM,,
39824,MA1907,110.0,11700.0,270.0,1100.0,1415700.0,32670.0,133100.0,1581470.0,Route LM,,
39825,1677,220.0,11700.0,270.0,1100.0,2831400.0,65340.00000000001,266200.0,3162940.0,Route LM,,
39826,MB1711,275.0,11700.0,270.0,1100.0,3539250.0,81675.0,332750.0,3953675.0,Route LM,,
39827,496,110.0,11700.0,270.0,1100.0,1415700.0,32670.0,133100.0,1581470.0,Route LM,,
39828,3817,220.0,1500.0,270.0,1100.0,363000.0,65340.00000000001,266200.0,694540.0,Route LM,,
39829,2213,352.0,11700.0,270.0,1100.0,4530240.0,104544.0,425920.0,5060704.0,Route LM,,
39830,MA638,,,,,,,,,Route LM,,
39831,MB2815,110.0,14000.0,270.0,1100.0,1694000.0,32670.0,133100.0,1859770.0,Route LM,,
39832,MB5991,200.0,,,,,,,,Route LM,,
39833,4139,55.0,1500.0,270.0,1100.0,90750.0,16335.0,66550.0,173635.0,Route LM,,
39834,MB2459,220.0,1500.0,270.0,1100.0,363000.0,65340.00000000001,266200.0,694540.0,Route LM,,
39835,MB3220,110.0,1500.0,270.0,1100.0,181500.0,32670.0,133100.0,347270.0,Route LM,,
39836,MA2619,165.0,1500.0,270.0,1100.0,272250.0,49005.00000000001,199650.0,520905.0,Route LM,,
39837,MB1795,165.0,1500.0,270.0,1100.0,272250.0,49005.00000000001,199650.0,520905.0,Route LM,,
39838,4973,297.0,1500.0,270.0,1100.0,490050.0,88209.0,359370.0,937629.0,Route LM,,
39839,6224,275.0,1500.0,270.0,1100.0,453750.0,81675.0,332750.0,868175.0,Route LM,,
39840,2342,110.0,1500.0,270.0,1100.0,181500.0,32670.0,133100.0,347270.0,Route LM,,
39841,MA4523,220.0,9600.0,270.0,1100.0,2323200.0,65340.00000000001,266200.0,2654740.0,Route LM,,
39842,MB1266,198.0,1500.0,270.0,1100.0,326700.0,58806.00000000001,239580.0,625086.0,Route LM,,
39843,MB2903,220.0,1500.0,270.0,1100.0,363000.0,65340.00000000001,266200.0,694540.0,Route LM,,
39844,MB3271,165.0,1500.0,270.0,1100.0,272250.0,49005.00000000001,199650.0,520905.0,Route LM,,
39845,2253,55.0,1500.0,270.0,1100.0,90750.0,16335.0,66550.0,173635.0,Route LM,,
39846,1392,275.0,1500.0,270.0,1100.0,453750.0,81675.0,332750.0,868175.0,Route LM,,
39847,2910,71.5,11600.0,270.0,1100.0,912340.0,21235.5,86515.0,1020090.5,Route LM,,
39848,4794,220.0,11600.0,270.0,1100.0,2807200.0,65340.00000000001,266200.0,3138740.0,Route LM,,
39849,4553,55.0,11600.0,270.0,1100.0,701800.0,16335.0,66550.0,784685.0,Route LM,,
39850,MB3309,143.0,11600.0,270.0,1100.0,1824680.0,42471.0,173030.0,2040181.0,Route LM,,
39851,MB2965,121.0,11600.0,270.0,1100.0,1543960.0,35937.0,146410.0,1726307.0,Route LM,,
39852,MB1259,33.0,11600.0,270.0,1100.0,421080.0,9801.0,39930.0,470811.0,Route LM,,
39853,MA2218,22.0,11600.0,270.0,1100.0,280720.0,6534.000000000001,26620.0,313874.0,Route LM,,
39854,MB1589,88.0,11600.0,270.0,1100.0,1122880.0,26136.0,106480.0,1255496.0,Route LM,,
39855,MA5147,143.0,11600.0,270.0,1100.0,1824680.0,42471.0,173030.0,2040181.0,Route LM,,
39856,MA5051,22.0,11600.0,270.0,1100.0,280720.0,6534.000000000001,26620.0,313874.0,Route LM,,
39857,MA1934,150.0,14936.0,270.0,1100.0,2464440.0,44550.0,181500.0,2690490.0,Route LM,,
39858,5995,99.0,8518.0,270.0,1100.0,927610.2,29403.0,119790.0,1076803.2,Route LM,,
39859,MA3984,22.0,14936.0,270.0,1100.0,361451.2,6534.000000000001,26620.0,394605.2,Route LM,,
39860,6180,66.0,12469.0,270.0,1100.0,905249.4,19602.0,79860.0,1004711.4,Route LM,,
39861,4919,33.0,12469.0,270.0,1100.0,452624.7,9801.0,39930.0,502355.7,Route LM,,
39862,5181,33.0,32019.0,270.0,1100.0,1162289.7,9801.0,39930.0,1212020.7,Route LM,,
39863,3511,33.0,,,,,,,,Route LM,,
39864,5392,99.0,12469.0,270.0,1100.0,1357874.1,29403.0,119790.0,1507067.1,Route LM,,
39865,MA4005,195.33,12676.0,270.0,1100.0,2723575.5,58013.01000000001,236346.88,3017934.8,Route LM,,
39866,MB1727,26.4,12469.0,270.0,1100.0,362099.76,7840.8,31944.0,401884.56,Route LM,,
39867,6062,,,,,,,,,Route LM,,
39868,4436,52.8,10187.0,270.0,1100.0,591660.96,15681.6,63888.0,671230.56,Route LM,,
39869,MA1265,280.5,8518.0,270.0,1100.0,2628228.9,83308.5,339405.0,3050942.4,Route LM,,
39870,MA4376,27.5,8518.0,270.0,1100.0,257669.5,8167.500000000001,33275.0,299112.0,Route LM,,
39871,MB1626,33.0,14936.0,270.0,1100.0,542176.8,9801.0,39930.0,591907.8,Route LM,,
39872,5741,99.0,14936.0,270.0,1100.0,1626530.4,29403.0,119790.0,1775723.4,Route LM,,
39873,6407,22.0,14936.0,270.0,1100.0,361451.2,6534.000000000001,26620.0,394605.2,Route LM,,
39874,1191,33.0,14936.0,270.0,1100.0,542176.8,9801.0,39930.0,591907.8,Route LM,,
39875,5761,88.0,,,,,,,,Route LM,,
39876,1956,308.0,,,,,,,,Route LM,,
39877,MB4276,11.0,3500.0,270.0,1100.0,42350.0,3267.0,13310.0,58927.0,Route LM,,
39878,MA2979,601.0,,,,,,,,Route LM,,
39879,MA2463,100.0,12600.0,270.0,1100.0,1386000.0,29700.0,121000.0,1536700.0,Route LM,,
39880,MA2028,55.0,12600.0,270.0,1100.0,762300.0,16335.0,66550.0,845185.0,Route LM,,
39881,MA2559,132.0,12600.0,270.0,1100.0,1829520.0,39204.0,159720.0,2028444.0,Route LM,,
39882,686,22.0,11600.0,270.0,1100.0,280720.0,6534.000000000001,26620.0,313874.0,Route LM,,
39883,MB2153,110.0,11600.0,270.0,1100.0,1403600.0,32670.0,133100.0,1569370.0,Route LM,,
39884,MA954,220.0,11600.0,270.0,1100.0,2807200.0,65340.00000000001,266200.0,3138740.0,Route LM,,
39885,MB1581,110.0,11600.0,270.0,1100.0,1403600.0,32670.0,133100.0,1569370.0,Route LM,,
39886,2452,5.5,11600.0,270.0,1100.0,70180.0,1633.5,6655.0,78468.5,Route LM,,
39887,4991,165.0,11600.0,270.0,1100.0,2105400.0,49005.00000000001,199650.0,2354055.0,Route LM,,
39888,MA1400,66.0,11600.0,270.0,1100.0,842160.0,19602.0,79860.0,941622.0,Route LM,,
39889,MA285,55.0,11600.0,270.0,1100.0,701800.0,16335.0,66550.0,784685.0,Route LM,,
39890,MA138,11.0,14936.0,270.0,1100.0,180725.6,3267.0,13310.0,197302.6,Route LM,,
39891,6179,5.5,32019.0,270.0,1100.0,193714.95,1633.5,6655.0,202003.45,Route LM,,
39892,1041,159.5,32019.0,270.0,1100.0,5617733.55,47371.50000000001,192995.0,5858100.05,Route LM,,
39893,MA818,49.5,32019.0,270.0,1100.0,1743434.55,14701.5,59895.0,1818031.05,Route LM,,
39894,4558,11.0,32019.0,270.0,1100.0,387429.9,3267.0,13310.0,404006.9,Route LM,,
39895,MB1466,11.0,32019.0,270.0,1100.0,387429.9,3267.0,13310.0,404006.9,Route LM,,
39896,4427,22.0,14936.0,270.0,1100.0,361451.2,6534.000000000001,26620.0,394605.2,Route LM,,
39897,MB1349,11.0,14936.0,270.0,1100.0,180725.6,3267.0,13310.0,197302.6,Route LM,,
39898,MA4606,5.5,32019.0,270.0,1100.0,193714.95,1633.5,6655.0,202003.45,Route LM,,
39899,MA6472,11.0,14936.0,270.0,1100.0,180725.6,3267.0,13310.0,197302.6,Route LM,,
39900,304,99.0,14936.0,270.0,1100.0,1626530.4,29403.0,119790.0,1775723.4,Route LM,,
39901,1955,165.0,14936.0,270.0,1100.0,2710884.0,49005.00000000001,199650.0,2959539.0,Route LM,,
39902,3068,5.5,10187.0,270.0,1100.0,61631.35,1633.5,6655.0,69919.85,Route LM,,
39903,1831,201.6,14936.0,270.0,1100.0,3312207.36,59875.2,243936.0,3616018.56,Route LM,,
39904,4509,187.0,14936.0,270.0,1100.0,3072335.2,55539.00000000001,226270.0,3354144.2,Route LM,,
39905,1742,33.0,14936.0,270.0,1100.0,542176.8,9801.0,39930.0,591907.8,Route LM,,
39906,MA6080,297.0,14936.0,270.0,1100.0,4879591.2,88209.0,359370.0,5327170.2,Route LM,,
39907,1046,11.0,,,,,,,,Route LM,,
39908,4634,11.0,32019.0,270.0,1100.0,387429.9,3267.0,13310.0,404006.9,Route LM,,
39909,MA3718,11.0,32019.0,270.0,1100.0,387429.9,3267.0,13310.0,404006.9,Route LM,,
39910,3019,60.5,,,,,,,,Route LM,,
39911,MA1260,11.0,32019.0,270.0,1100.0,387429.9,3267.0,13310.0,404006.9,Route LM,,
39912,3700,11.0,32019.0,270.0,1100.0,387429.9,3267.0,13310.0,404006.9,Route LM,,
39913,2460,11.0,32019.0,270.0,1100.0,387429.9,3267.0,13310.0,404006.9,Route LM,,
39914,MA2221,11.0,32019.0,270.0,1100.0,387429.9,3267.0,13310.0,404006.9,Route LM,,
39915,5619,231.0,32019.0,270.0,1100.0,8136027.9,68607.0,279510.0,8484144.9,Route LM,,
39916,MA3332,22.0,11600.0,270.0,1100.0,280720.0,6534.000000000001,26620.0,313874.0,Route LM,,
39917,MA5231,11.0,11600.0,270.0,1100.0,140360.0,3267.0,13310.0,156937.0,Route LM,,
39918,1508,11.0,11600.0,270.0,1100.0,140360.0,3267.0,13310.0,156937.0,Route LM,,
39919,MB5951,11.0,11600.0,270.0,1100.0,140360.0,3267.0,13310.0,156937.0,Route LM,,
39920,1262,55.0,11600.0,270.0,1100.0,701800.0,16335.0,66550.0,784685.0,Route LM,,
39921,MB2213,110.0,11600.0,270.0,1100.0,1403600.0,32670.0,133100.0,1569370.0,Route LM,,
39922,MA5208,110.0,11600.0,270.0,1100.0,1403600.0,32670.0,133100.0,1569370.0,Route LM,,
39923,6394,11.0,11600.0,270.0,1100.0,140360.0,3267.0,13310.0,156937.0,Route LM,,
39924,MB2836,275.0,11600.0,270.0,1100.0,3509000.0,81675.0,332750.0,3923425.0,Route LM,,
39925,MA1356,11.0,3500.0,270.0,1100.0,42350.0,3267.0,13310.0,58927.0,Route LM,,
39926,MA1352,11.0,32019.0,270.0,1100.0,387429.9,3267.0,13310.0,404006.9,Route LM,,
39927,2369,11.0,32019.0,270.0,1100.0,387429.9,3267.0,13310.0,404006.9,Route LM,,
39928,MA5707,220.0,32019.0,270.0,1100.0,7748598.0,65340.00000000001,266200.0,8080138.0,Route LM,,
39929,4525,11.0,32019.0,270.0,1100.0,387429.9,3267.0,13310.0,404006.9,Route LM,,
39930,3389,11.0,32019.0,270.0,1100.0,387429.9,3267.0,13310.0,404006.9,Route LM,,
39931,4871,11.0,12600.0,270.0,1100.0,152460.0,3267.0,13310.0,169037.0,Route LM,,
39932,MB6431,,,,,,,,,Route LM,,
39933,MB1187,88.0,11600.0,270.0,1100.0,1122880.0,26136.0,106480.0,1255496.0,Route LM,,
39934,MA5523,55.0,11600.0,270.0,1100.0,701800.0,16335.0,66550.0,784685.0,Route LM,,
39935,175,165.0,11600.0,270.0,1100.0,2105400.0,49005.00000000001,199650.0,2354055.0,Route LM,,
39936,MA599,330.0,11600.0,270.0,1100.0,4210800.0,98010.00000000001,399300.0,4708110.0,Route LM,,
39937,MA5153,276.1,11600.0,270.0,1100.0,3523036.0,82001.70000000001,334081.0,3939118.7,Route LM,,
39938,MA5138,181.5,11600.0,270.0,1100.0,2315940.0,53905.50000000001,219615.0,2589460.5,Route LM,,
39939,6194,63.8,11600.0,270.0,1100.0,814088.0,18948.6,77198.0,910234.6,Route LM,,
39940,MA4669,6.6,11600.0,270.0,1100.0,84216.0,1960.2,7986.0,94162.2,Route LM,,
39941,MA3429,35.2,11600.0,270.0,1100.0,449152.0,10454.4,42592.0,502198.4,Route LM,,
39942,6164,11.0,11600.0,270.0,1100.0,140360.0,3267.0,13310.0,156937.0,Route LM,,
39943,4488,11.0,11700.0,270.0,1100.0,141570.0,3267.0,13310.0,158147.0,Route LM,,
39944,4004,11.0,11700.0,270.0,1100.0,141570.0,3267.0,13310.0,158147.0,Route LM,,
39945,MA5851,187.0,11700.0,270.0,1100.0,2406690.0,55539.00000000001,226270.0,2688499.0,Route LM,,
39946,2309,11.0,,,,,,,,Route LM,,
39947,MA4640,55.0,12469.0,270.0,1100.0,754374.5,16335.0,66550.0,837259.5,Route LM,,
39948,1641,400.0,,,,,,,,Route LM,,
39949,3625,110.0,1000.0,270.0,1100.0,121000.0,32670.0,133100.0,286770.0,Route LM,,
39950,583,110.0,9600.0,270.0,1100.0,1161600.0,32670.0,133100.0,1327370.0,Route LM,,
39951,5307,,,,,,,,,Route LM,,
39952,5814,,,,,,,,,Route LM,,
39953,1694,300.0,,,,,,,,Route LM,,
39954,1863,605.0,3000.0,270.0,1100.0,1996500.0,179685.0,732050.0,2908235.0,Route LM,,
39955,MB2246,605.0,3000.0,270.0,1100.0,1996500.0,179685.0,732050.0,2908235.0,Route LM,,
39956,5618,200.0,,,,,,,,Route LM,,
39957,109,200.0,,,,,,,,Route LM,,
39958,2161,110.0,12469.0,270.0,1100.0,1508749.0,32670.0,133100.0,1674519.0,Route LM,,
39959,4750,330.0,1500.0,270.0,1100.0,544500.0,98010.00000000001,399300.0,1041810.0,Route LM,,
39960,MA5877,55.0,1500.0,270.0,1100.0,90750.0,16335.0,66550.0,173635.0,Route LM,,
39961,MA3485,132.0,1500.0,270.0,1100.0,217800.0,39204.0,159720.0,416724.0,Route LM,,
39962,MB1718,198.0,9600.0,270.0,1100.0,2090880.0,58806.00000000001,239580.0,2389266.0,Route LM,,
39963,MB6371,220.0,9600.0,270.0,1100.0,2323200.0,65340.00000000001,266200.0,2654740.0,Route LM,,
39964,MA2181,,,,,,,,,Route LM,,
39965,MB3667,275.0,9600.0,270.0,1100.0,2904000.0,81675.0,332750.0,3318425.0,Route LM,,
39966,MB2282,55.0,1500.0,270.0,1100.0,90750.0,16335.0,66550.0,173635.0,Route LM,,
39967,297,165.0,8518.0,270.0,1100.0,1546017.0,49005.00000000001,199650.0,1794672.0,Route LM,,
39968,MA2938,165.0,3500.0,270.0,1100.0,635250.0,49005.00000000001,199650.0,883905.0,Route LM,,
39969,MA2915,110.0,3500.0,270.0,1100.0,423500.0,32670.0,133100.0,589270.0,Route LM,,
39970,4779,110.0,3500.0,270.0,1100.0,423500.0,32670.0,133100.0,589270.0,Route LM,,
39971,MB6450,55.0,3500.0,270.0,1100.0,211750.0,16335.0,66550.0,294635.0,Route LM,,
39972,MA2917,242.0,3500.0,270.0,1100.0,931700.0,71874.0,292820.0,1296394.0,Route LM,,
39973,5274,55.0,3500.0,270.0,1100.0,211750.0,16335.0,66550.0,294635.0,Route LM,,
39974,MA609,110.0,32091.0,270.0,1100.0,3883011.0,32670.0,133100.0,4048781.0,Route LM,,
39975,MA5287,154.0,14936.0,270.0,1100.0,2530158.4,45738.00000000001,186340.0,2762236.4,Route LM,,
39976,MA4035,88.0,14936.0,270.0,1100.0,1445804.8,26136.0,106480.0,1578420.8,Route LM,,
39977,6033,396.0,,,,,,,,Route LM,,
39978,MA3631,264.0,,,,,,,,Route LM,,
39979,278,66.0,8518.0,270.0,1100.0,618406.8,19602.0,79860.0,717868.8,Route LM,,
39980,MA6341,22.0,14936.0,270.0,1100.0,361451.2,6534.000000000001,26620.0,394605.2,Route LM,,
39981,MA1484,143.0,8518.0,270.0,1100.0,1339881.4,42471.0,173030.0,1555382.4,Route LM,,
39982,5768,297.0,8518.0,270.0,1100.0,2782830.6,88209.0,359370.0,3230409.6,Route LM,,
39983,5579,99.0,14936.0,270.0,1100.0,1626530.4,29403.0,119790.0,1775723.4,Route LM,,
39984,MA1878,,,,,,,,,Route LM,,
39985,6502,264.0,14936.0,270.0,1100.0,4337414.4,78408.0,319440.0,4735262.4,Route LM,,
39986,139,209.0,14936.0,270.0,1100.0,3433786.4,62073.00000000001,252890.0,3748749.4,Route LM,,
39987,2283,104.5,8518.0,270.0,1100.0,979144.1,31036.5,126445.0,1136625.6,Route LM,,
39988,MB3372,88.0,14936.0,270.0,1100.0,1445804.8,26136.0,106480.0,1578420.8,Route LM,,
39989,1148,475.0,,,,,,,,Route LM,,
39990,MB6434,5.5,14936.0,270.0,1100.0,90362.8,1633.5,6655.0,98651.3,Route LM,,
39991,MB2875,5.5,8518.0,270.0,1100.0,51533.9,1633.5,6655.0,59822.4,Route LM,,
39992,MB1250,121.0,8518.0,270.0,1100.0,1133745.8,35937.0,146410.0,1316092.8,Route LM,,
39993,MA4901,99.0,14936.0,270.0,1100.0,1626530.4,29403.0,119790.0,1775723.4,Route LM,,
39994,1777,110.0,9600.0,270.0,1100.0,1161600.0,32670.0,133100.0,1327370.0,Route LM,,
39995,MA1669,220.0,13439.0,270.0,1100.0,3252238.0,65340.00000000001,266200.0,3583778.0,Route LM,,
39996,2257,,,,,,,,,Route LM,,
39997,2895,132.0,14936.0,270.0,1100.0,2168707.2,39204.0,159720.0,2367631.2,Route LM,,
39998,MB2250,5.5,14936.0,270.0,1100.0,90362.8,1633.5,6655.0,98651.3,Route LM,,
39999,MA3616,275.0,14936.0,270.0,1100.0,4518140.0,81675.0,332750.0,4932565.0,Route LM,,
40000,MA1806,165.0,14936.0,270.0,1100.0,2710884.0,49005.00000000001,199650.0,2959539.0,Route LM,,
40001,MA118,22.0,14936.0,270.0,1100.0,361451.2,6534.000000000001,26620.0,394605.2,Route LM,,
40002,1455,11.0,14936.0,270.0,1100.0,180725.6,3267.0,13310.0,197302.6,Route LM,,
40003,2946,253.0,14936.0,270.0,1100.0,4156688.8,75141.0,306130.0,4537959.8,Route LM,,
40004,MB1435,110.0,14936.0,270.0,1100.0,1807256.0,32670.0,133100.0,1973026.0,Route LM,,
40005,5294,33.0,8518.0,270.0,1100.0,309203.4,9801.0,39930.0,358934.4,Route LM,,
40006,MB1703,5.5,14936.0,270.0,1100.0,90362.8,1633.5,6655.0,98651.3,Route LM,,
40007,5665,66.0,14936.0,270.0,1100.0,1084353.6,19602.0,79860.0,1183815.6,Route LM,,
40008,MA6116,154.0,12469.0,270.0,1100.0,2112248.6,45738.00000000001,186340.0,2344326.6,Route LM,,
40009,MB3864,264.0,14936.0,270.0,1100.0,4337414.4,78408.0,319440.0,4735262.4,Route LM,,
40010,MA6036,154.0,12469.0,270.0,1100.0,2112248.6,45738.00000000001,186340.0,2344326.6,Route LM,,
40011,5339,143.0,14936.0,270.0,1100.0,2349432.8,42471.0,173030.0,2564933.8,Route LM,,
40012,1949,88.0,14936.0,270.0,1100.0,1445804.8,26136.0,106480.0,1578420.8,Route LM,,
40013,2359,132.0,14936.0,270.0,1100.0,2168707.2,39204.0,159720.0,2367631.2,Route LM,,
40014,MB4811,110.0,8518.0,270.0,1100.0,1030678.0,32670.0,133100.0,1196448.0,Route LM,,
40015,MB5402,220.0,8518.0,270.0,1100.0,2061356.0,65340.00000000001,266200.0,2392896.0,Route LM,,
40016,5827,77.0,14936.0,270.0,1100.0,1265079.2,22869.0,93170.0,1381118.2,Route LM,,
40017,MB2378,264.0,3250.0,270.0,1100.0,943800.0,78408.0,319440.0,1341648.0,Route LM,,
40018,MA3597,110.0,12469.0,270.0,1100.0,1508749.0,32670.0,133100.0,1674519.0,Route LM,,
40019,MB2245,110.0,11700.0,270.0,1100.0,1415700.0,32670.0,133100.0,1581470.0,Route LM,,
40020,MB2238,110.0,12469.0,270.0,1100.0,1508749.0,32670.0,133100.0,1674519.0,Route LM,,
40021,6056,110.0,11700.0,270.0,1100.0,1415700.0,32670.0,133100.0,1581470.0,Route LM,,
40022,MB1348,110.0,11700.0,270.0,1100.0,1415700.0,32670.0,133100.0,1581470.0,Route LM,,
40023,2351,165.0,11700.0,270.0,1100.0,2123550.0,49005.00000000001,199650.0,2372205.0,Route LM,,
40024,5235,88.0,32091.0,270.0,1100.0,3106408.8,26136.0,106480.0,3239024.8,Route LM,,
40025,1562,110.0,32091.0,270.0,1100.0,3883011.0,32670.0,133100.0,4048781.0,Route LM,,
40026,MB1179,110.0,32091.0,270.0,1100.0,3883011.0,32670.0,133100.0,4048781.0,Route LM,,
40027,3023,110.0,32091.0,270.0,1100.0,3883011.0,32670.0,133100.0,4048781.0,Route LM,,
40028,MB3249,69.3,11700.0,270.0,1100.0,891891.0,20582.1,83853.0,996326.1,Route LM,,
40029,MA6156,11.0,11700.0,270.0,1100.0,141570.0,3267.0,13310.0,158147.0,Route LM,,
40030,141,33.0,32019.0,270.0,1100.0,1162289.7,9801.0,39930.0,1212020.7,Route LM,,
40031,MB2230,66.0,12469.0,270.0,1100.0,905249.4,19602.0,79860.0,1004711.4,Route LM,,
40032,MA5673,44.0,12469.0,270.0,1100.0,603499.6,13068.0,53240.0,669807.6,Route LM,,
40033,1536,66.0,14936.0,270.0,1100.0,1084353.6,19602.0,79860.0,1183815.6,Route LM,,
40034,MA4315,66.0,12469.0,270.0,1100.0,905249.4,19602.0,79860.0,1004711.4,Route LM,,
40035,1532,66.0,14936.0,270.0,1100.0,1084353.6,19602.0,79860.0,1183815.6,Route LM,,
40036,MB2233,66.0,14936.0,270.0,1100.0,1084353.6,19602.0,79860.0,1183815.6,Route LM,,
40037,MB2239,66.0,14936.0,270.0,1100.0,1084353.6,19602.0,79860.0,1183815.6,Route LM,,
40038,2730,66.0,14936.0,270.0,1100.0,1084353.6,19602.0,79860.0,1183815.6,Route LM,,
40039,MB2649,220.0,14936.0,270.0,1100.0,3614512.0,65340.00000000001,266200.0,3946052.0,Route LM,,
40040,MA2578,11.0,12469.0,270.0,1100.0,150874.9,3267.0,13310.0,167451.9,Route LM,,
40041,MA5223,275.0,12469.0,270.0,1100.0,3771872.5,81675.0,332750.0,4186297.5,Route LM,,
40042,MB2236,77.0,14936.0,270.0,1100.0,1265079.2,22869.0,93170.0,1381118.2,Route LM,,
40043,MA2131,55.0,8518.0,270.0,1100.0,515339.0,16335.0,66550.0,598224.0,Route LM,,
40044,5769,,,,,,,,,Route LM,,
40045,2263,165.0,14936.0,270.0,1100.0,2710884.0,49005.00000000001,199650.0,2959539.0,Route LM,,
40046,999,121.0,14936.0,270.0,1100.0,1987981.6,35937.0,146410.0,2170328.6,Route LM,,
40047,MA4248,264.0,12469.0,270.0,1100.0,3620997.6,78408.0,319440.0,4018845.6,Route LM,,
40048,3075,187.0,12469.0,270.0,1100.0,2564873.3,55539.00000000001,226270.0,2846682.3,Route LM,,
40049,MA5557,176.0,14936.0,270.0,1100.0,2891609.6,52272.00000000001,212960.0,3156841.6,Route LM,,
40050,MA4846,121.0,8518.0,270.0,1100.0,1133745.8,35937.0,146410.0,1316092.8,Route LM,,
40051,MB1103,154.0,12469.0,270.0,1100.0,2112248.6,45738.00000000001,186340.0,2344326.6,Route LM,,
40052,MB1882,55.0,12676.0,270.0,1100.0,766898.0,16335.0,66550.0,849783.0,Route LM,,
40053,MA1165,,,,,,,,,Route LM,,
40054,MA2586,110.0,8518.0,270.0,1100.0,1030678.0,32670.0,133100.0,1196448.0,Route LM,,
40055,MA3996,275.0,14936.0,270.0,1100.0,4518140.0,81675.0,332750.0,4932565.0,Route LM,,
40056,2731,220.0,14936.0,270.0,1100.0,3614512.0,65340.00000000001,266200.0,3946052.0,Route LM,,
40057,MB2224,55.0,14936.0,270.0,1100.0,903628.0,16335.0,66550.0,986513.0,Route LM,,
40058,MB2462,77.0,14936.0,270.0,1100.0,1265079.2,22869.0,93170.0,1381118.2,Route LM,,
40059,6359,132.0,14936.0,270.0,1100.0,2168707.2,39204.0,159720.0,2367631.2,Route LM,,
40060,MB1595,132.0,14936.0,270.0,1100.0,2168707.2,39204.0,159720.0,2367631.2,Route LM,,
40061,4213,198.0,32091.0,270.0,1100.0,6989419.8,58806.00000000001,239580.0,7287805.8,Route LM,,
40062,4506,77.0,8518.0,270.0,1100.0,721474.6,22869.0,93170.0,837513.6,Route LM,,
40063,3170,220.0,12469.0,270.0,1100.0,3017498.0,65340.00000000001,266200.0,3349038.0,Route LM,,
40064,4670,165.0,14936.0,270.0,1100.0,2710884.0,49005.00000000001,199650.0,2959539.0,Route LM,,
40065,6518,253.0,14936.0,270.0,1100.0,4156688.8,75141.0,306130.0,4537959.8,Route LM,,
40066,MA2281,165.0,14936.0,270.0,1100.0,2710884.0,49005.00000000001,199650.0,2959539.0,Route LM,,
40067,4070,220.0,14936.0,270.0,1100.0,3614512.0,65340.00000000001,266200.0,3946052.0,Route LM,,
40068,MA5500,165.0,14936.0,270.0,1100.0,2710884.0,49005.00000000001,199650.0,2959539.0,Route LM,,
40069,MA3417,110.0,12676.0,270.0,1100.0,1533796.0,32670.0,133100.0,1699566.0,Route LM,,
40070,1029,161.7,10187.0,270.0,1100.0,1811961.69,48024.9,195657.0,2055643.59,Route LM,,
40071,MA6540,16.5,12469.0,270.0,1100.0,226312.35,4900.5,19965.0,251177.85,Route LM,,
40072,3054,144.1,14936.0,270.0,1100.0,2367505.36,42797.7,174361.0,2584664.06,Route LM,,
40073,5256,33.0,12469.0,270.0,1100.0,452624.7,9801.0,39930.0,502355.7,Route LM,,
40074,5055,5.5,14936.0,270.0,1100.0,90362.8,1633.5,6655.0,98651.3,Route LM,,
40075,5606,44.0,8518.0,270.0,1100.0,412271.2,13068.0,53240.0,478579.2,Route LM,,
40076,MA1059,77.0,14936.0,270.0,1100.0,1265079.2,22869.0,93170.0,1381118.2,Route LM,,
40077,5029,66.0,14936.0,270.0,1100.0,1084353.6,19602.0,79860.0,1183815.6,Route LM,,
40078,MB3135,134.2,14936.0,270.0,1100.0,2204852.32,39857.4,162382.0,2407091.72,Route LM,,
40079,5451,110.0,12469.0,270.0,1100.0,1508749.0,32670.0,133100.0,1674519.0,Route LM,,
40080,2763,88.0,12469.0,270.0,1100.0,1206999.2,26136.0,106480.0,1339615.2,Route LM,,
40081,4847,5.5,8518.0,270.0,1100.0,51533.9,1633.5,6655.0,59822.4,Route LM,,
40082,MB2225,49.5,8518.0,270.0,1100.0,463805.1,14701.5,59895.0,538401.6,Route LM,,
40083,MA6295,22.0,12469.0,270.0,1100.0,301749.8,6534.000000000001,26620.0,334903.8,Route LM,,
40084,MA4226,22.0,12469.0,270.0,1100.0,301749.8,6534.000000000001,26620.0,334903.8,Route LM,,
40085,MA1885,44.0,12469.0,270.0,1100.0,603499.6,13068.0,53240.0,669807.6,Route LM,,
40086,4859,132.0,14936.0,270.0,1100.0,2168707.2,39204.0,159720.0,2367631.2,Route LM,,
40087,MB3948,104.5,12469.0,270.0,1100.0,1433311.55,31036.5,126445.0,1590793.05,Route LM,,
40088,3090,11.0,8518.0,270.0,1100.0,103067.8,3267.0,13310.0,119644.8,Route LM,,
40089,MB6015,66.0,12469.0,270.0,1100.0,905249.4,19602.0,79860.0,1004711.4,Route LM,,
40090,MB6017,22.0,12469.0,270.0,1100.0,301749.8,6534.000000000001,26620.0,334903.8,Route LM,,
40091,907,99.0,8518.0,270.0,1100.0,927610.2,29403.0,119790.0,1076803.2,Route LM,,
40092,3310,16.5,14936.0,270.0,1100.0,271088.4,4900.5,19965.0,295953.9,Route LM,,
40093,MB1504,179.2,8518.0,270.0,1100.0,1679068.16,53222.4,216832.0,1949122.56,Route LM,,
40094,6239,55.0,14936.0,270.0,1100.0,903628.0,16335.0,66550.0,986513.0,Route LM,,
40095,MA5269,165.0,14936.0,270.0,1100.0,2710884.0,49005.00000000001,199650.0,2959539.0,Route LM,,
40096,810,,,,,,,,,Route LM,,
40097,3058,110.0,14936.0,270.0,1100.0,1807256.0,32670.0,133100.0,1973026.0,Route LM,,
40098,MA742,275.0,12469.0,270.0,1100.0,3771872.5,81675.0,332750.0,4186297.5,Route LM,,
40099,MA256,110.0,14936.0,270.0,1100.0,1807256.0,32670.0,133100.0,1973026.0,Route LM,,
40100,4545,275.0,14936.0,270.0,1100.0,4518140.0,81675.0,332750.0,4932565.0,Route LM,,
40101,MB5997,55.0,12676.0,270.0,1100.0,766898.0,16335.0,66550.0,849783.0,Route LM,,
40102,6102,110.0,12676.0,270.0,1100.0,1533796.0,32670.0,133100.0,1699566.0,Route LM,,
40103,MA3668,110.0,12676.0,270.0,1100.0,1533796.0,32670.0,133100.0,1699566.0,Route LM,,
40104,5604,220.0,8518.0,270.0,1100.0,2061356.0,65340.00000000001,266200.0,2392896.0,Route LM,,
40105,4913,275.0,8518.0,270.0,1100.0,2576695.0,81675.0,332750.0,2991120.0,Route LM,,
40106,MA4466,55.0,32091.0,270.0,1100.0,1941505.5,16335.0,66550.0,2024390.5,Route LM,,
40107,4932,11.0,12469.0,270.0,1100.0,150874.9,3267.0,13310.0,167451.9,Route LM,,
40108,MA728,176.0,12469.0,270.0,1100.0,2413998.4,52272.00000000001,212960.0,2679230.4,Route LM,,
40109,4929,110.0,14936.0,270.0,1100.0,1807256.0,32670.0,133100.0,1973026.0,Route LM,,
40110,358,33.0,14936.0,270.0,1100.0,542176.8,9801.0,39930.0,591907.8,Route LM,,
40111,3120,110.0,14936.0,270.0,1100.0,1807256.0,32670.0,133100.0,1973026.0,Route LM,,
40112,3258,26.4,12469.0,270.0,1100.0,362099.76,7840.8,31944.0,401884.56,Route LM,,
40113,3177,11.0,14936.0,270.0,1100.0,180725.6,3267.0,13310.0,197302.6,Route LM,,
40114,MA2383,165.0,14936.0,270.0,1100.0,2710884.0,49005.00000000001,199650.0,2959539.0,Route LM,,
40115,MA25,60.5,14936.0,270.0,1100.0,993990.8,17968.5,73205.0,1085164.3,Route LM,,
40116,5372,55.0,8518.0,270.0,1100.0,515339.0,16335.0,66550.0,598224.0,Route LM,,
40117,4324,77.0,8518.0,270.0,1100.0,721474.6,22869.0,93170.0,837513.6,Route LM,,
40118,5342,16.5,12469.0,270.0,1100.0,226312.35,4900.5,19965.0,251177.85,Route LM,,
40119,MB5740,11.0,14936.0,270.0,1100.0,180725.6,3267.0,13310.0,197302.6,Route LM,,
40120,1303,165.0,12600.0,270.0,1100.0,2286900.0,49005.00000000001,199650.0,2535555.0,Route LM,,
40121,4941,150.0,,,,,,,,Route LM,,
40122,1135,55.0,14936.0,270.0,1100.0,903628.0,16335.0,66550.0,986513.0,Route LM,,
40123,MA1542,220.0,14936.0,270.0,1100.0,3614512.0,65340.00000000001,266200.0,3946052.0,Route LM,,
40124,1456,231.0,14936.0,270.0,1100.0,3795237.6,68607.0,279510.0,4143354.6,Route LM,,
40125,MA4021,66.0,12469.0,270.0,1100.0,905249.4,19602.0,79860.0,1004711.4,Route LM,,
40126,MB6122,275.0,12600.0,270.0,1100.0,3811500.0,81675.0,332750.0,4225925.0,Route LM,,
40127,2825,165.0,12600.0,270.0,1100.0,2286900.0,49005.00000000001,199650.0,2535555.0,Route LM,,
40128,879,55.0,12600.0,270.0,1100.0,762300.0,16335.0,66550.0,845185.0,Route LM,,
40129,2074,66.0,12600.0,270.0,1100.0,914760.0,19602.0,79860.0,1014222.0,Route LM,,
40130,MA4382,220.0,12600.0,270.0,1100.0,3049200.0,65340.00000000001,266200.0,3380740.0,Route LM,,
40131,5154,,,,,,,,,Route LM,,
40132,MB6428,275.0,6500.0,270.0,1100.0,1966250.0,81675.0,332750.0,2380675.0,Route LM,,
40133,MA4570,132.0,14936.0,270.0,1100.0,2168707.2,39204.0,159720.0,2367631.2,Route LM,,
40134,4207,275.0,12676.0,270.0,1100.0,3834490.0,81675.0,332750.0,4248915.0,Route LM,,
40135,4986,55.0,32091.0,270.0,1100.0,1941505.5,16335.0,66550.0,2024390.5,Route LM,,
40136,MB1714,165.0,11700.0,270.0,1100.0,2123550.0,49005.00000000001,199650.0,2372205.0,Route LM,,
40137,MA1119,110.0,13439.0,270.0,1100.0,1626119.0,32670.0,133100.0,1791889.0,Route LM,,
40138,3879,275.0,14936.0,270.0,1100.0,4518140.0,81675.0,332750.0,4932565.0,Route LM,,
40139,4981,297.0,14936.0,270.0,1100.0,4879591.2,88209.0,359370.0,5327170.2,Route LM,,
40140,MA13,220.0,3250.0,270.0,1100.0,786500.0,65340.00000000001,266200.0,1118040.0,Route LM,,
40141,2475,55.0,32091.0,270.0,1100.0,1941505.5,16335.0,66550.0,2024390.5,Route LM,,
40142,6463,275.0,14936.0,270.0,1100.0,4518140.0,81675.0,332750.0,4932565.0,Route LM,,
40143,5959,99.0,12469.0,270.0,1100.0,1357874.1,29403.0,119790.0,1507067.1,Route LM,,
40144,MA2903,275.0,12676.0,270.0,1100.0,3834490.0,81675.0,332750.0,4248915.0,Route LM,,
40145,MB3940,165.0,14936.0,270.0,1100.0,2710884.0,49005.00000000001,199650.0,2959539.0,Route LM,,
40146,MB1450,280.0,11600.0,270.0,1100.0,3572800.0,83160.0,338800.0,3994760.0,Route LM,,
40147,5856,11.2,14936.0,270.0,1100.0,184011.52,3326.4,13552.0,200889.92,Route LM,,
40148,5385,66.0,12469.0,270.0,1100.0,905249.4,19602.0,79860.0,1004711.4,Route LM,,
40149,MA4620,66.0,32019.0,270.0,1100.0,2324579.4,19602.0,79860.0,2424041.4,Route LM,,
40150,MA2014,517.0,1500.0,270.0,1100.0,853050.0,153549.0,625570.0,1632169.0,Route LM,,
40151,MA3548,495.0,8518.0,270.0,1100.0,4638051.0,147015.0,598950.0,5384016.0,Route LM,,
40152,1144,126.5,12469.0,270.0,1100.0,1735061.35,37570.5,153065.0,1925696.85,Route LM,,
40153,MB1917,55.0,11600.0,270.0,1100.0,701800.0,16335.0,66550.0,784685.0,Route LM,,
40154,859,66.0,11600.0,270.0,1100.0,842160.0,19602.0,79860.0,941622.0,Route LM,,
40155,MB6174,88.0,11600.0,270.0,1100.0,1122880.0,26136.0,106480.0,1255496.0,Route LM,,
40156,5032,77.0,12469.0,270.0,1100.0,1056124.3,22869.0,93170.0,1172163.3,Route LM,,
40157,MA4450,16.5,14936.0,270.0,1100.0,271088.4,4900.5,19965.0,295953.9,Route LM,,
40158,2234,605.0,1500.0,270.0,1100.0,998250.0,179685.0,732050.0,1909985.0,Route LM,,
40159,MA2726,660.0,11600.0,270.0,1100.0,8421600.0,196020.0,798600.0,9416220.0,Route LM,,
40160,5987,715.0,,270.0,1100.0,,212355.0,865150.0,1077505.0,Route LM,,
40161,1277,,,,,,,,,Route LM,,
40162,MA3407,,,,,,,,,Route LM,,
40163,MA3665,,,270.0,1100.0,,,,,Route LM,,
40164,MA2771,,,270.0,1100.0,,,,,Route LM,,
40165,5568,,,270.0,1100.0,,,,,Route LM,,
40166,MB3514,,,270.0,1100.0,,,,,Route LM,,
40167,6027,,,270.0,1100.0,,,,,Route LM,,
40168,MA3655,,,270.0,1100.0,,,,,Route LM,,
40169,5196,,,270.0,1100.0,,,,,Route LM,,